lang	label	lemma	tier	gloss	nrc_angle	delta	verdict	note
en	happy	happy	A	happy	25.5	+0.0	KEEP	
en	happy	cheerful	B	cheerful	13.0	+5.2	KEEP	
en	happy	joyful	B	joyful	13.6	+5.8	KEEP	
en	happy	merry	B	merry	25.7	+0.2	KEEP	
en	delighted	thrilled	B	thrilled	38.6	-6.6	KEEP	
en	delighted	ecstatic	B	ecstatic	35.7	-9.5	KEEP	
en	delighted	elated	B	elated	56.9	+11.8	KEEP	
en	excited	excited	A	excited	46.6	+0.0	KEEP	
en	excited	hyped	B	hyped	21.5	-25.1	KEEP	
en	excited	exhilarated	B	exhilarated	51.0	+2.4	KEEP	
en	astonished	surprised	B	surprised	51.3	-18.5	KEEP	astonished absent; surprised nearest
en	astonished	flabbergasted	B	flabbergasted	121.9	+34.0	REVIEW-DROP (NRC off +34 both gates)	
en	astonished	shocked	B	shocked	127.3	+39.4	REVIEW-DROP (NRC off +39 both gates)	negative-valence shock, expect fail
en	aroused	horny	B	horny	91.4	+17.6	EXCLUDE (strict synonymy rule: forces sexual reading of Russell's general 'aroused')	
en	aroused	lustful	B	lustful	100.4	+26.6	EXCLUDE (strict synonymy rule: forces sexual reading of Russell's general 'aroused')	
en	tense	tense	A	tense	210.4	+0.0	KEEP	
en	tense	uptight	B	uptight	145.6	+52.8	REVIEW-DROP (NRC off +53 both gates)	
en	tense	anxious	B	anxious	120.3	+27.5	EXCLUDE (strict synonymy rule: worry blend (tense+afraid), not a Russell word)	not a Russell word; tense-region
en	tense	nervous	B	nervous	132.3	+39.5	REVIEW-DROP (NRC off +40 both gates)	not a Russell word; tense-region
en	alarmed	panicked	B	panicked	131.7	-2.4	KEEP	alarmed absent
en	alarmed	panicky	B	panicky	114.3	+17.8	KEEP	alarmed absent
en	angry	angry	A	angry	138.9	+0.0	KEEP	
en	angry	furious	B	furious	134.0	-4.8	KEEP	
en	angry	livid	B	livid	96.1	-3.3	KEEP	
en	angry	outraged	B	outraged	150.3	+11.4	KEEP	
en	angry	pissed	B	pissed	135.7	-3.1	EXCLUDE (strict synonymy rule: angry/drunk polysemy)	register: vulgar
en	afraid	afraid	A	afraid	160.2	+0.0	KEEP	
en	afraid	scared	B	scared	137.2	+18.6	KEEP	
en	afraid	frightened	B	frightened	137.6	+19.0	KEEP	
en	afraid	terrified	B	terrified	135.6	+17.0	KEEP	
en	afraid	fearful	B	fearful	182.5	+22.3	KEEP	
en	annoyed	annoyed	A	annoyed	144.4	+0.0	KEEP	
en	annoyed	irritated	B	irritated	132.5	+3.7	KEEP	
en	annoyed	bothered	B	bothered	-	-	REVIEW (no NRC entry)	
en	distressed	distressed	A	distressed	142.8	+0.0	KEEP	
en	distressed	upset	B	upset	157.2	+14.4	EXCLUDE (strict synonymy rule: distressed/sad/angry blend)	
en	distressed	anguished	B	anguished	148.9	+6.1	NOT_IN_POOL	check presence
en	frustrated	frustrated	A	frustrated	160.2	+0.0	KEEP	
en	miserable	miserable	A	miserable	185.1	+0.0	KEEP	
en	sad	sad	A	sad	211.3	+0.0	KEEP	
en	sad	unhappy	B	unhappy	180.0	-27.5	EXCLUDE (strict synonymy rule: intermediate between sad and miserable)	
en	gloomy	dejected	B	dejected	158.7	-34.1	REVIEW-DROP (NRC off -34 both gates)	gloomy absent
en	gloomy	blue	B	blue	291.9	+83.5	REVIEW-DROP (NRC off +84 both gates)	color polysemy, expect fail
en	depressed	depressed	A	depressed	186.6	+0.0	KEEP	
en	depressed	discouraged	B	discouraged	215.0	+5.4	EXCLUDE (strict synonymy rule: motivational state, not depressed mood)	
en	bored	bored	A	bored	223.8	+0.0	KEEP	
en	droopy	lethargic	B	lethargic	221.7	-25.8	EXCLUDE (strict synonymy rule: droopy match uncertain)	droopy absent; NRC advisory arc
en	tired	tired	A	tired	206.0	+0.0	KEEP	NRC known to disagree; kept (Russell word)
en	tired	exhausted	B	exhausted	191.5	-14.5	KEEP	NRC advisory arc
en	sleepy	sleepy	A	sleepy	285.5	+0.0	KEEP	
en	sleepy	groggy	B	groggy	221.6	-50.3	REVIEW (NRC off -50 but advisory arc)	NRC advisory arc
en	calm	calm	A	calm	309.8	+0.0	KEEP	
en	relaxed	relaxed	A	relaxed	308.7	+0.0	KEEP	
en	relaxed	rested	B	rested	317.8	+0.4	KEEP	
en	relaxed	relieved	B	relieved	334.8	+17.4	EXCLUDE (strict synonymy rule: post-stress release, distinct concept)	
en	at ease	comfortable	B	comfortable	321.7	+1.8	KEEP	at-ease as lemma absent
en	satisfied	satiated	B	satiated	-	-	REVIEW (no NRC entry)	food polysemy; satisfied absent
en	glad	glad	A	glad	30.7	+0.0	KEEP	
ro	happy	fericit	A	happy	25.5	+0.0	KEEP	
ro	delighted	incantat	A	delighted	45.2	+0.0	KEEP	
ro	delighted	fermecat	B	charmed	9.1	-15.8	KEEP	
ro	excited	entuziasmat	A	enthusiastic	43.7	-2.9	KEEP	
ro	excited	emotionat	B	excited	46.6	+0.0	EXCLUDE (strict synonymy rule: excited/moved-touched blend)	also 'moved/touched' - REVIEW
ro	astonished	uimit	A	astonished	87.9	+0.0	KEEP	
ro	astonished	uluit	A	astounded	-	-	KEEP	
ro	astonished	stupefiat	B	stupefied	236.3	+148.4	REVIEW-DROP (NRC off +148 both gates)	
ro	astonished	mirat	B	surprised	51.3	-18.5	KEEP	
ro	astonished	surprins	B	surprised	51.3	-18.5	KEEP	
ro	astonished	socat	B	shocked	127.3	+39.4	REVIEW-DROP (NRC off +39 both gates)	negative shock, expect fail
ro	tense	tensionat	A	tense	210.4	+0.0	KEEP	
ro	tense	stresat	B	stressed	144.2	+51.4	REVIEW-DROP (NRC off +51 both gates)	
ro	tense	agitat	B	agitated	98.3	+5.5	EXCLUDE (strict synonymy rule: tense/distressed blend)	tense vs distressed - REVIEW
ro	tense	nelinistit	B	uneasy	165.7	-44.7	REVIEW-DROP (NRC off -45 both gates)	REVIEW
ro	tense	anxios	B	anxious	120.3	+27.5	EXCLUDE (strict synonymy rule: worry blend, not a Russell word)	not a Russell word
ro	alarmed	panicat	B	panicked	131.7	-2.4	KEEP	kept: single sense (panic), NRC at alarmed
ro	angry	furios	A	furious	134.0	-4.8	KEEP	
ro	angry	nervos	B	angry	138.9	+0.0	EXCLUDE (strict synonymy rule: angry/on-edge blend)	RO sense = angry, not EN 'nervous' - REVIEW
ro	angry	indignat	B	indignant	157.4	+18.5	KEEP	
ro	angry	revoltat	B	outraged	150.3	+11.4	KEEP	
ro	angry	suparat	B	upset	157.2	+18.4	EXCLUDE (strict synonymy rule: angry/sad polysemy)	angry/sad polysemy - REVIEW, likely exclude
ro	afraid	frica	A	fear	141.5	-18.7	KEEP	noun mi-e frica
ro	afraid	teama	A	fear	141.5	-18.7	KEEP	noun mi-e teama
ro	afraid	speriat	A	scared	137.2	+18.6	KEEP	
ro	afraid	ingrozit	B	terrified	135.6	+17.0	KEEP	
ro	afraid	terorizat	B	terrified	135.6	+17.0	EXCLUDE (strict synonymy rule: below occurrence floor in manifest)	
ro	afraid	groaza	B	dread	139.9	-20.3	KEEP	noun mi-e groaza
ro	annoyed	iritat	A	irritated	132.5	+3.7	KEEP	
ro	annoyed	deranjat	B	bothered	-	-	REVIEW (no NRC entry)	
ro	annoyed	contrariat	B	annoyed	144.4	+0.0	EXCLUDE (strict synonymy rule: annoyed/puzzled blend)	also 'puzzled' - REVIEW
ro	distressed	tulburat	B	troubled	159.1	+16.3	KEEP	
ro	distressed	necajit	B	distressed	142.8	+0.0	EXCLUDE (strict synonymy rule: distressed/sad blend)	shades to sad - REVIEW
ro	distressed	coplesit	B	overwhelmed	131.5	-8.4	EXCLUDE (strict synonymy rule: overwhelmed, distinct concept)	
ro	distressed	ingrijorat	B	worried	141.4	-1.4	EXCLUDE (strict synonymy rule: worried, distinct concept)	
ro	distressed	disperat	B	desperate	140.6	+0.7	EXCLUDE (strict synonymy rule: desperate, distinct concept)	
ro	frustrated	frustrat	A	frustrated	160.2	+0.0	KEEP	
ro	miserable	amarat	A	miserable	185.1	+0.0	KEEP	
ro	miserable	nefericit	B	unhappy	180.0	-5.1	EXCLUDE (strict synonymy rule: intermediate between sad and miserable)	
ro	miserable	distrus	B	devastated	173.4	-11.7	EXCLUDE (strict synonymy rule: devastated metaphor, intensity/blend risk)	REVIEW
ro	miserable	devastat	B	devastated	173.4	-11.7	EXCLUDE (strict synonymy rule: devastated, intensity/blend risk)	REVIEW
ro	sad	trist	A	sad	211.3	+0.0	KEEP	
ro	sad	mahnit	B	sorrowful	189.8	-17.7	KEEP	
ro	sad	intristat	B	saddened	-	-	NOT_IN_POOL	
ro	sad	indurerat	B	grieving	157.0	-50.5	NOT_IN_POOL	REVIEW
ro	depressed	deprimat	A	depressed	186.6	+0.0	KEEP	
ro	depressed	descurajat	B	discouraged	215.0	+5.4	EXCLUDE (strict synonymy rule: motivational state, not depressed mood)	
ro	depressed	demoralizat	B	demoralized	167.8	-18.7	EXCLUDE (strict synonymy rule: below occurrence floor in manifest)	
ro	bored	plictisit	A	bored	223.8	+0.0	KEEP	
ro	tired	obosit	A	tired	206.0	+0.0	KEEP	NRC advisory arc
ro	tired	epuizat	B	exhausted	191.5	-14.5	KEEP	NRC advisory arc
ro	calm	calm	A	calm	309.8	+0.0	KEEP	
ro	calm	linistit	A	tranquil	314.4	-1.8	KEEP	
ro	calm	liniste	B	tranquility	313.0	+3.2	KEEP	noun state, tight (calmness)
ro	at ease	impacat	B	at peace	310.5	-9.4	KEEP	kept: at peace
ro	satisfied	satisfacut	A	satisfied	1.2	+0.0	KEEP	
ro	satisfied	implinit	B	fulfilled	357.1	-4.1	KEEP	
ro	content	multumit	A	content	322.3	+0.0	KEEP	
ro	glad	bucuros	A	glad	30.7	+0.0	KEEP	
ro	glad	bucurie	B	joy	34.0	+3.3	KEEP	noun state, tight (joy)
es	happy	feliz	A	happy	25.5	+0.0	KEEP	
es	excited	entusiasmado	A	enthusiastic	43.7	-2.9	KEEP	
es	excited	emocionado	B	excited	46.6	+0.0	EXCLUDE (strict synonymy rule: excited/moved blend)	also 'moved' - REVIEW
es	astonished	sorprendido	B	surprised	51.3	-18.5	KEEP	asombrado absent
es	aroused	excitado	A	aroused	66.4	+0.0	EXCLUDE (strict synonymy rule: excited/aroused blend)	also 'excited' - REVIEW
es	aroused	cachondo	B	horny	91.4	+17.6	EXCLUDE (strict synonymy rule: forces sexual reading of 'aroused'; vulgar register)	register: vulgar - REVIEW
es	tense	nervioso	B	nervous	132.3	+39.5	REVIEW-DROP (NRC off +40 both gates)	tenso absent
es	tense	estresado	B	stressed	144.2	+51.4	REVIEW-DROP (NRC off +51 both gates)	
es	tense	inquieto	B	restless	132.2	+39.4	REVIEW-DROP (NRC off +39 both gates)	REVIEW
es	angry	enojado	A	angry	138.9	+0.0	KEEP	
es	angry	enfadado	A	angry	138.9	+0.0	KEEP	
es	angry	furioso	B	furious	134.0	-4.8	KEEP	
es	angry	cabreado	B	pissed	135.7	-3.1	KEEP	register: colloquial
es	angry	indignado	B	indignant	157.4	+18.5	KEEP	
es	afraid	asustado	A	scared	137.2	+18.6	KEEP	
es	afraid	aterrado	B	terrified	135.6	+17.0	KEEP	
es	afraid	aterrorizado	B	terrified	135.6	+17.0	KEEP	
es	annoyed	molesto	A	annoyed	144.4	+0.0	KEEP	
es	annoyed	harto	B	fed up	169.1	+24.7	EXCLUDE (strict synonymy rule: fed-up: annoyed/bored blend)	annoyed/bored polysemy - REVIEW
es	distressed	angustiado	A	anguished	148.9	+6.1	KEEP	
es	distressed	agobiado	B	overwhelmed	131.5	-8.4	EXCLUDE (strict synonymy rule: overwhelmed, distinct concept)	
es	distressed	desesperado	B	desperate	140.6	+0.7	EXCLUDE (strict synonymy rule: desperate, distinct concept)	
es	distressed	preocupado	B	worried	141.4	-1.4	EXCLUDE (strict synonymy rule: worried, distinct concept)	
es	distressed	ansioso	B	anxious	120.3	-19.6	EXCLUDE (strict synonymy rule: worry blend, not a Russell word)	not a Russell word
es	frustrated	frustrado	A	frustrated	160.2	+0.0	KEEP	
es	miserable	miserable	A	miserable	185.1	+0.0	KEEP	
es	miserable	infeliz	B	unhappy	180.0	-5.1	EXCLUDE (strict synonymy rule: intermediate between sad and miserable)	
es	miserable	destrozado	B	devastated	173.4	-11.7	EXCLUDE (strict synonymy rule: devastated, intensity/blend risk)	REVIEW
es	miserable	hundido	B	devastated	173.4	-11.7	EXCLUDE (strict synonymy rule: devastated metaphor, blend risk)	REVIEW
es	sad	triste	A	sad	211.3	+0.0	KEEP	
es	sad	dolido	B	hurt	148.1	-59.4	REVIEW-DROP (NRC off -59 both gates)	REVIEW
es	gloomy	desanimado	B	dispirited	216.6	+8.2	EXCLUDE (strict synonymy rule: dispirited/motivational, gloomy match uncertain)	
es	gloomy	bajoneado	B	down	210.2	+1.8	EXCLUDE (strict synonymy rule: slang, gloomy/depressed blend)	slang - REVIEW
es	depressed	deprimido	A	depressed	186.6	+0.0	KEEP	
es	depressed	depresivo	B	depressive	190.5	+3.9	EXCLUDE (strict synonymy rule: trait-like, not state)	trait-like - REVIEW
es	bored	aburrido	A	bored	223.8	+0.0	KEEP	
es	tired	cansado	A	tired	206.0	+0.0	KEEP	NRC advisory arc
es	tired	agotado	B	exhausted	191.5	-14.5	KEEP	NRC advisory arc
es	tired	exhausto	B	exhausted	191.5	-14.5	KEEP	NRC advisory arc
es	tired	quemado	B	burned out	161.2	-44.8	REVIEW (NRC off -45 but advisory arc)	polysemy - REVIEW
es	sleepy	dormido	B	sleepy	285.5	+0.0	EXCLUDE (strict synonymy rule: sleepy/asleep/numb polysemy)	also 'asleep/numb' - REVIEW
es	calm	tranquilo	A	calm	309.8	+0.0	KEEP	
es	relaxed	relajado	A	relaxed	308.7	+0.0	KEEP	
es	at ease	aliviado	B	relieved	334.8	+14.9	EXCLUDE (strict synonymy rule: relieved, distinct concept)	REVIEW
es	satisfied	satisfecho	A	satisfied	1.2	+0.0	KEEP	
es	content	pleno	B	fulfilled	357.1	+33.1	REVIEW-DROP (NRC off +33 both gates)	REVIEW
es	glad	alegre	A	cheerful	13.0	-17.7	KEEP	
es	pleased	contento	A	pleased	6.2	+0.0	KEEP	ES sense closer to glad/pleased than EN 'content'
zh	happy	开心	A	happy			KEEP	manual gloss check; no NRC-VAD gate for this language
zh	happy	快乐	A	happy/joyful			KEEP	manual gloss check; no NRC-VAD gate for this language
zh	happy	喜悦	B	joy (n.)			KEEP	manual gloss check; no NRC-VAD gate for this language
zh	delighted	欣喜	B	delighted			KEEP	manual gloss check; no NRC-VAD gate for this language
zh	delighted	狂喜	B	ecstatic			KEEP	manual gloss check; no NRC-VAD gate for this language
zh	excited	兴奋	A	excited			KEEP	manual gloss check; no NRC-VAD gate for this language
zh	excited	亢奋	B	over-excited			KEEP	manual gloss check; no NRC-VAD gate for this language
zh	astonished	惊讶	A	surprised			KEEP	manual gloss check; no NRC-VAD gate for this language
zh	astonished	吃惊	B	surprised			KEEP	manual gloss check; no NRC-VAD gate for this language
zh	astonished	诧异	B	astonished			KEEP	manual gloss check; no NRC-VAD gate for this language
zh	tense	紧张	A	tense/nervous			KEEP	manual gloss check; no NRC-VAD gate for this language
zh	alarmed	惊慌	A	alarmed/panicked			KEEP	manual gloss check; no NRC-VAD gate for this language
zh	alarmed	恐慌	B	panic			KEEP	manual gloss check; no NRC-VAD gate for this language
zh	angry	生气	A	angry			KEEP	manual gloss check; no NRC-VAD gate for this language
zh	angry	愤怒	B	furious			KEEP	manual gloss check; no NRC-VAD gate for this language
zh	angry	气愤	B	indignant/outraged			KEEP	manual gloss check; no NRC-VAD gate for this language
zh	afraid	害怕	A	afraid			KEEP	manual gloss check; no NRC-VAD gate for this language
zh	afraid	恐惧	B	fear/dread			KEEP	manual gloss check; no NRC-VAD gate for this language
zh	afraid	惧怕	B	dread			KEEP	manual gloss check; no NRC-VAD gate for this language
zh	afraid	畏惧	B	fear/awe-dread			KEEP	manual gloss check; no NRC-VAD gate for this language
zh	annoyed	恼火	A	annoyed/irritated			KEEP	manual gloss check; no NRC-VAD gate for this language
zh	distressed	苦恼	A	vexed/distressed			KEEP	manual gloss check; no NRC-VAD gate for this language
zh	frustrated	挫败	B	frustrated/defeated			KEEP	manual gloss check; no NRC-VAD gate for this language
zh	frustrated	挫败感	A	sense of frustration			KEEP	manual gloss check; no NRC-VAD gate for this language
zh	sad	难过	A	sad			KEEP	manual gloss check; no NRC-VAD gate for this language
zh	sad	伤心	A	sad/grieved			KEEP	manual gloss check; no NRC-VAD gate for this language
zh	sad	悲伤	B	sorrowful			KEEP	manual gloss check; no NRC-VAD gate for this language
zh	gloomy	忧郁	A	melancholy/gloomy			KEEP	manual gloss check; no NRC-VAD gate for this language
zh	depressed	沮丧	A	dejected/depressed			KEEP	manual gloss check; no NRC-VAD gate for this language
zh	depressed	抑郁	B	depressed			KEEP	manual gloss check; no NRC-VAD gate for this language
zh	bored	无聊	A	bored			KEEP	manual gloss check; no NRC-VAD gate for this language
zh	bored	百无聊赖	B	utterly bored (idiom)			KEEP	manual gloss check; no NRC-VAD gate for this language
zh	tired	疲惫	A	exhausted			KEEP	manual gloss check; no NRC-VAD gate for this language
zh	tired	疲倦	A	tired/weary			KEEP	manual gloss check; no NRC-VAD gate for this language
zh	tired	疲累	B	tired			KEEP	manual gloss check; no NRC-VAD gate for this language
zh	sleepy	昏昏欲睡	A	drowsy (idiom)			KEEP	manual gloss check; no NRC-VAD gate for this language
zh	calm	平静	A	calm			KEEP	manual gloss check; no NRC-VAD gate for this language
zh	relaxed	放松	A	relaxed			KEEP	manual gloss check; no NRC-VAD gate for this language
zh	relaxed	轻松	A	relaxed/light			KEEP	manual gloss check; no NRC-VAD gate for this language
zh	at ease	安心	A	at ease/relieved			KEEP	manual gloss check; no NRC-VAD gate for this language
zh	at ease	自在	A	at ease/comfortable			KEEP	manual gloss check; no NRC-VAD gate for this language
zh	at ease	心安	B	at ease			KEEP	manual gloss check; no NRC-VAD gate for this language
zh	satisfied	满意	A	satisfied			KEEP	manual gloss check; no NRC-VAD gate for this language
zh	satisfied	满足	A	satisfied/content			KEEP	manual gloss check; no NRC-VAD gate for this language
zh	content	知足	B	content with one's lot			KEEP	manual gloss check; no NRC-VAD gate for this language
zh	serene	宁静	B	tranquil/serene			KEEP	manual gloss check; no NRC-VAD gate for this language
zh	glad	高兴	A	glad/pleased			KEEP	manual gloss check; no NRC-VAD gate for this language
zh	pleased	愉快	A	pleased/cheerful			KEEP	manual gloss check; no NRC-VAD gate for this language
zh	pleased	愉悦	B	pleased/joyous			KEEP	manual gloss check; no NRC-VAD gate for this language
fa	happy	خوشحال	A	happy			KEEP	manual gloss check; no NRC-VAD gate for this language
fa	happy	شاد	A	happy/joyful			KEEP	manual gloss check; no NRC-VAD gate for this language
fa	happy	شادی	B	joy (n.)			KEEP	manual gloss check; no NRC-VAD gate for this language
fa	happy	خوشحالی	B	happiness (n.)			KEEP	manual gloss check; no NRC-VAD gate for this language
fa	delighted	مسرور	B	delighted (formal)			KEEP	manual gloss check; no NRC-VAD gate for this language
fa	excited	هیجان	B	excitement (n.)			KEEP	manual gloss check; no NRC-VAD gate for this language
fa	astonished	متعجب	A	surprised			KEEP	manual gloss check; no NRC-VAD gate for this language
fa	astonished	مبهوت	B	stunned/astonished			KEEP	manual gloss check; no NRC-VAD gate for this language
fa	angry	عصبانی	A	angry			KEEP	manual gloss check; no NRC-VAD gate for this language
fa	angry	خشمگین	B	furious			KEEP	manual gloss check; no NRC-VAD gate for this language
fa	angry	خشم	B	rage (n.)			KEEP	manual gloss check; no NRC-VAD gate for this language
fa	afraid	ترس	A	fear (n.)			KEEP	manual gloss check; no NRC-VAD gate for this language
fa	afraid	وحشت	B	terror (n.)			KEEP	manual gloss check; no NRC-VAD gate for this language
fa	annoyed	کلافه	B	exasperated/annoyed			KEEP	manual gloss check; no NRC-VAD gate for this language
fa	distressed	پریشان	B	distraught/distressed			KEEP	manual gloss check; no NRC-VAD gate for this language
fa	distressed	آشفته	B	agitated/distraught			KEEP	manual gloss check; no NRC-VAD gate for this language
fa	frustrated	سرخوردگی	B	frustration/disillusionment (n.)			KEEP	manual gloss check; no NRC-VAD gate for this language
fa	miserable	بدبخت	B	wretched/miserable			KEEP	manual gloss check; no NRC-VAD gate for this language
fa	miserable	بدبختی	B	misery (n.)			KEEP	manual gloss check; no NRC-VAD gate for this language
fa	sad	غمگین	A	sad			KEEP	manual gloss check; no NRC-VAD gate for this language
fa	sad	غم	B	sorrow (n.)			KEEP	manual gloss check; no NRC-VAD gate for this language
fa	sad	محزون	B	sorrowful (formal)			KEEP	manual gloss check; no NRC-VAD gate for this language
fa	gloomy	دلگیر	A	gloomy/heavy-hearted			KEEP	manual gloss check; no NRC-VAD gate for this language
fa	gloomy	دلم ... گرفته	B	my heart is heavy (idiom; 98% self-conjunct)			KEEP	manual gloss check; no NRC-VAD gate for this language
fa	gloomy	دلم ... گرفت	B	my heart grew heavy (idiom; 97% self-conjunct)			KEEP	manual gloss check; no NRC-VAD gate for this language
fa	depressed	افسرده	A	depressed			KEEP	manual gloss check; no NRC-VAD gate for this language
fa	depressed	افسردگی	B	depression (n.)			KEEP	manual gloss check; no NRC-VAD gate for this language
fa	bored	کسل	B	bored/listless			KEEP	manual gloss check; no NRC-VAD gate for this language
fa	tired	خسته	A	tired			KEEP	manual gloss check; no NRC-VAD gate for this language
fa	tired	خستگی	B	tiredness (n.)			KEEP	manual gloss check; no NRC-VAD gate for this language
fa	calm	آرام	A	calm			KEEP	manual gloss check; no NRC-VAD gate for this language
fa	calm	آرامش	A	calmness (n.)			KEEP	manual gloss check; no NRC-VAD gate for this language
fa	calm	ارامش	B	calmness (n., no-diacritic spelling)			KEEP	manual gloss check; no NRC-VAD gate for this language
fa	at ease	راحت	A	comfortable/at ease			KEEP	manual gloss check; no NRC-VAD gate for this language
fa	at ease	راحتی	B	comfort (n.)			KEEP	manual gloss check; no NRC-VAD gate for this language
fa	satisfied	راضی	A	satisfied			KEEP	manual gloss check; no NRC-VAD gate for this language
fa	satisfied	رضایت	B	satisfaction (n.)			KEEP	manual gloss check; no NRC-VAD gate for this language
fa	glad	خرسند	B	glad/content (formal)			KEEP	manual gloss check; no NRC-VAD gate for this language
fa	pleased	خشنود	B	pleased (formal)			KEEP	manual gloss check; no NRC-VAD gate for this language
hi	happy	खुश	A	happy			KEEP	manual gloss check; no NRC-VAD gate for this language
hi	happy	खुशी	B	happiness (n.)			KEEP	manual gloss check; no NRC-VAD gate for this language
hi	delighted	हर्ष	B	joy/delight (n., formal)			KEEP	manual gloss check; no NRC-VAD gate for this language
hi	excited	उत्साहित	A	excited/enthused			KEEP	manual gloss check; no NRC-VAD gate for this language
hi	astonished	हैरान	A	surprised/astonished			KEEP	manual gloss check; no NRC-VAD gate for this language
hi	astonished	आश्चर्यचकित	A	astonished			KEEP	manual gloss check; no NRC-VAD gate for this language
hi	astonished	चकित	B	amazed			KEEP	manual gloss check; no NRC-VAD gate for this language
hi	astonished	आश्चर्य	B	surprise/wonder (n.)			KEEP	manual gloss check; no NRC-VAD gate for this language
hi	tense	तनाव	B	tension/stress (n.)			KEEP	manual gloss check; no NRC-VAD gate for this language
hi	alarmed	घबरा	B	flustered/panicky (verb stem)			KEEP	manual gloss check; no NRC-VAD gate for this language
hi	angry	गुस्सा	A	anger (n.)			KEEP	manual gloss check; no NRC-VAD gate for this language
hi	angry	गुस्से	A	anger (n., oblique)			KEEP	manual gloss check; no NRC-VAD gate for this language
hi	angry	क्रोध	B	wrath (n., formal)			KEEP	manual gloss check; no NRC-VAD gate for this language
hi	angry	क्रोधित	B	angered			KEEP	manual gloss check; no NRC-VAD gate for this language
hi	angry	आक्रोश	B	outrage (n.)			KEEP	manual gloss check; no NRC-VAD gate for this language
hi	afraid	डर	A	fear (n.)			KEEP	manual gloss check; no NRC-VAD gate for this language
hi	afraid	डरा	A	scared			KEEP	manual gloss check; no NRC-VAD gate for this language
hi	afraid	भयभीत	B	frightened			KEEP	manual gloss check; no NRC-VAD gate for this language
hi	afraid	भय	B	fear (n., formal)			KEEP	manual gloss check; no NRC-VAD gate for this language
hi	distressed	परेशान	A	troubled/distressed			KEEP	manual gloss check; no NRC-VAD gate for this language
hi	distressed	व्यथित	B	anguished			KEEP	manual gloss check; no NRC-VAD gate for this language
hi	distressed	व्याकुल	B	distraught			KEEP	manual gloss check; no NRC-VAD gate for this language
hi	sad	दुखी	A	sad/unhappy			KEEP	manual gloss check; no NRC-VAD gate for this language
hi	sad	दुःखी	A	sad (visarga spelling)			KEEP	manual gloss check; no NRC-VAD gate for this language
hi	sad	दुख	B	sorrow (n.)			KEEP	manual gloss check; no NRC-VAD gate for this language
hi	sad	दुःख	B	sorrow (n., visarga spelling)			KEEP	manual gloss check; no NRC-VAD gate for this language
hi	gloomy	उदास	A	downcast/melancholy			KEEP	manual gloss check; no NRC-VAD gate for this language
hi	gloomy	उदासी	B	melancholy (n.)			KEEP	manual gloss check; no NRC-VAD gate for this language
hi	depressed	अवसाद	B	depression (n.)			KEEP	manual gloss check; no NRC-VAD gate for this language
hi	bored	बोर	A	bored (loan)			KEEP	manual gloss check; no NRC-VAD gate for this language
hi	tired	थका	A	tired			KEEP	manual gloss check; no NRC-VAD gate for this language
hi	tired	थक	B	tire (verb stem)			KEEP	manual gloss check; no NRC-VAD gate for this language
hi	calm	शांत	A	calm			KEEP	manual gloss check; no NRC-VAD gate for this language
hi	calm	सुकून	B	inner peace/tranquility (n.)			KEEP	manual gloss check; no NRC-VAD gate for this language
hi	at ease	सहज	A	at ease/comfortable			KEEP	manual gloss check; no NRC-VAD gate for this language
hi	satisfied	संतुष्ट	A	satisfied			KEEP	manual gloss check; no NRC-VAD gate for this language
hi	content	संतोष	B	contentment (n.)			KEEP	manual gloss check; no NRC-VAD gate for this language
hi	pleased	प्रसन्न	A	pleased/glad			KEEP	manual gloss check; no NRC-VAD gate for this language
hi	pleased	प्रसन्नता	B	gladness (n.)			KEEP	manual gloss check; no NRC-VAD gate for this language
zh	happy	幸福	B				EXCLUDE (strict synonymy rule: well-being/blessed-happiness concept, not a momentary affect state)	
zh	excited	激动	B				EXCLUDE (strict synonymy rule: excited/agitated/emotionally-moved polysemy)	
zh	delighted	惊喜	B				EXCLUDE (strict synonymy rule: pleasant-surprise blend (astonished+delighted))	
zh	delighted	大喜	B				EXCLUDE (strict synonymy rule: overjoyed/wedding polysemy)	
zh	astonished	震惊	B				EXCLUDE (strict synonymy rule: shocked (negative-event connotation), not neutral astonishment)	
zh	alarmed	惊恐	B				EXCLUDE (strict synonymy rule: alarm+fear blend)	
zh	alarmed	慌张	B				EXCLUDE (strict synonymy rule: flustered/hurried, not alarmed)	
zh	annoyed	烦躁	B				EXCLUDE (strict synonymy rule: irritable+restless blend (arousal shift))	
zh	annoyed	不耐烦	B				EXCLUDE (strict synonymy rule: impatient, adjacent-but-distinct)	
zh	distressed	痛苦	B				EXCLUDE (strict synonymy rule: distressed/miserable blend (pain-suffering-agony span))	
zh	distressed	难受	B				EXCLUDE (strict synonymy rule: generic feel-bad, underspecified)	
zh	frustrated	无奈	B				EXCLUDE (strict synonymy rule: helpless-resigned, no Russell equivalent)	
zh	frustrated	郁闷	B				EXCLUDE (strict synonymy rule: gloomy/frustrated colloquial polysemy)	
zh	sad	悲哀	B				EXCLUDE (strict synonymy rule: sorrowful/pathetic judgment polysemy)	
zh	afraid	可怕	B				EXCLUDE (strict synonymy rule: stimulus property (scary), not experiencer state)	
zh	afraid	恐怖	B				EXCLUDE (strict synonymy rule: stimulus property (terrifying), not experiencer state)	
zh	calm	淡定	B				EXCLUDE (strict synonymy rule: composed-unfazed (self-control), not low-arousal calm)	
zh	calm	镇定	B				EXCLUDE (strict synonymy rule: composed under stress, deliberate self-control)	
zh	at ease	舒服	B				EXCLUDE (strict synonymy rule: physical-comfort polysemy)	
zh	at ease	踏实	B				EXCLUDE (strict synonymy rule: settled/diligent polysemy)	
fa	sad	ناراحت	B				EXCLUDE (strict synonymy rule: upset/uncomfortable/bothered blend (the RO 'suparat' case))	
fa	afraid	نگران	B				EXCLUDE (strict synonymy rule: worried, adjacent-but-distinct (worried != afraid/distressed))	
fa	tense	عصبی	B				EXCLUDE (strict synonymy rule: nervous/irritable polysemy)	
fa	distressed	مضطرب	B				EXCLUDE (strict synonymy rule: anxious, not a Russell word; anxiety blend)	
fa	happy	خوش	B				EXCLUDE (strict synonymy rule: pleasant/nice polysemy (attributive))	
fa	delighted	سرمست	B				EXCLUDE (strict synonymy rule: intoxicated-with-joy / drunk polysemy)	
fa	excited	ذوق	B				EXCLUDE (strict synonymy rule: thrill/taste/talent polysemy)	
fa	annoyed	دلخور	B				EXCLUDE (strict synonymy rule: miffed/hurt-resentful blend)	
fa	miserable	زار	B				EXCLUDE (strict synonymy rule: wretched/weeping polysemy)	
fa	astonished	شوکه	B				EXCLUDE (strict synonymy rule: shocked (loan), negative-event connotation)	
fa	astonished	حیران	B				EXCLUDE (strict synonymy rule: astonished/bewildered blend)	
fa	gloomy	دلم ... شده	B				EXCLUDE (strict synonymy rule: template lumps heterogeneous conjuncts (92% tang=longing); broader point only)	
fa	gloomy	دلم ... شد	B				EXCLUDE (strict synonymy rule: heterogeneous conjuncts (31% tang, relief/pity/...); broader point only)	
hi	excited	उत्तेजित	B				EXCLUDE (strict synonymy rule: excited/aroused/agitated polysemy)	
hi	excited	जोश	B				EXCLUDE (strict synonymy rule: zeal/fervor, not excited-state)	
hi	excited	उत्साह	B				EXCLUDE (strict synonymy rule: enthusiasm (attitude), adjacent-but-distinct)	
hi	happy	आनंद	B				EXCLUDE (strict synonymy rule: joy/spiritual-bliss polysemy (spans happy and serene))	
hi	angry	नाराज	B				EXCLUDE (strict synonymy rule: displeased-with-someone blend (angry/annoyed))	
hi	afraid	आशंका	B				EXCLUDE (strict synonymy rule: apprehension/foreboding, anticipatory not present fear)	
hi	distressed	बेचैन	B				EXCLUDE (strict synonymy rule: restless/uneasy, adjacent-but-distinct)	
hi	distressed	तकलीफ	B				EXCLUDE (strict synonymy rule: trouble/physical-pain polysemy)	
hi	distressed	पीड़ा	B				EXCLUDE (strict synonymy rule: pain/agony, physical polysemy)	
hi	frustrated	निराश	B				EXCLUDE (strict synonymy rule: disappointed/hopeless, no strict Russell equivalent)	
hi	depressed	निराश	B				EXCLUDE (strict synonymy rule: despairing != depressed under strict rule)	
en	-	abandoned					EXCLUDE (out of circumplex scope: no Russell label)	full-archive sweep 2026-07-30
en	-	abused					EXCLUDE (out of circumplex scope: no Russell label)	full-archive sweep 2026-07-30
en	-	abusive					EXCLUDE (out of circumplex scope: no Russell label)	full-archive sweep 2026-07-30
en	-	accomplished					EXCLUDE (out of circumplex scope: no Russell label)	full-archive sweep 2026-07-30
en	-	adorable					EXCLUDE (out of circumplex scope: no Russell label)	full-archive sweep 2026-07-30
en	-	adrift					EXCLUDE (out of circumplex scope: no Russell label)	full-archive sweep 2026-07-30
en	-	affected					EXCLUDE (out of circumplex scope: no Russell label)	full-archive sweep 2026-07-30
en	-	aggressive					EXCLUDE (out of circumplex scope: no Russell label)	full-archive sweep 2026-07-30
en	-	agitated	B				EXCLUDE (strict synonymy rule: tense/aroused blend)	full-archive sweep 2026-07-30
en	-	alone					EXCLUDE (out of circumplex scope: no Russell label)	full-archive sweep 2026-07-30
en	-	aloof					EXCLUDE (out of circumplex scope: no Russell label)	full-archive sweep 2026-07-30
en	-	amazing					EXCLUDE (out of circumplex scope: no Russell label)	full-archive sweep 2026-07-30
en	-	ambitious					EXCLUDE (out of circumplex scope: no Russell label)	full-archive sweep 2026-07-30
en	-	anemic					EXCLUDE (out of circumplex scope: no Russell label)	full-archive sweep 2026-07-30
en	-	annoying					EXCLUDE (out of circumplex scope: no Russell label)	full-archive sweep 2026-07-30
en	-	antsy	B				EXCLUDE (strict synonymy rule: restless, not tense)	full-archive sweep 2026-07-30
en	-	appalled	B				EXCLUDE (strict synonymy rule: shocked+disgusted blend)	full-archive sweep 2026-07-30
en	-	appreciated					EXCLUDE (out of circumplex scope: no Russell label)	full-archive sweep 2026-07-30
en	-	apprehensive	B				EXCLUDE (strict synonymy rule: anticipatory anxiety != tense)	full-archive sweep 2026-07-30
en	-	asexual					EXCLUDE (out of circumplex scope: no Russell label)	full-archive sweep 2026-07-30
en	-	ashame					EXCLUDE (out of circumplex scope: no Russell label)	full-archive sweep 2026-07-30
en	-	ashamed					EXCLUDE (out of circumplex scope: no Russell label)	full-archive sweep 2026-07-30
en	-	assertive					EXCLUDE (out of circumplex scope: no Russell label)	full-archive sweep 2026-07-30
en	-	attached					EXCLUDE (out of circumplex scope: no Russell label)	full-archive sweep 2026-07-30
en	-	attracted					EXCLUDE (out of circumplex scope: no Russell label)	full-archive sweep 2026-07-30
en	-	attractive					EXCLUDE (out of circumplex scope: no Russell label)	full-archive sweep 2026-07-30
en	-	aware					EXCLUDE (out of circumplex scope: no Russell label)	full-archive sweep 2026-07-30
en	-	awesome					EXCLUDE (out of circumplex scope: no Russell label)	full-archive sweep 2026-07-30
en	-	awful					EXCLUDE (out of circumplex scope: no Russell label)	full-archive sweep 2026-07-30
en	-	awkward					EXCLUDE (out of circumplex scope: no Russell label)	full-archive sweep 2026-07-30
en	-	bad					EXCLUDE (out of circumplex scope: no Russell label)	full-archive sweep 2026-07-30
en	-	baffled					EXCLUDE (out of circumplex scope: no Russell label)	full-archive sweep 2026-07-30
en	-	based					EXCLUDE (out of circumplex scope: no Russell label)	full-archive sweep 2026-07-30
en	-	beaten					EXCLUDE (out of circumplex scope: no Russell label)	full-archive sweep 2026-07-30
en	-	beautiful					EXCLUDE (out of circumplex scope: no Russell label)	full-archive sweep 2026-07-30
en	-	become					EXCLUDE (out of circumplex scope: no Russell label)	full-archive sweep 2026-07-30
en	-	been					EXCLUDE (out of circumplex scope: no Russell label)	full-archive sweep 2026-07-30
en	-	belittled					EXCLUDE (out of circumplex scope: no Russell label)	full-archive sweep 2026-07-30
en	-	best					EXCLUDE (out of circumplex scope: no Russell label)	full-archive sweep 2026-07-30
en	-	betrayed					EXCLUDE (out of circumplex scope: no Russell label)	full-archive sweep 2026-07-30
en	-	better					EXCLUDE (out of circumplex scope: no Russell label)	full-archive sweep 2026-07-30
en	-	big					EXCLUDE (out of circumplex scope: no Russell label)	full-archive sweep 2026-07-30
en	-	bitter					EXCLUDE (out of circumplex scope: no Russell label)	full-archive sweep 2026-07-30
en	-	black					EXCLUDE (out of circumplex scope: no Russell label)	full-archive sweep 2026-07-30
en	-	bloated					EXCLUDE (out of circumplex scope: no Russell label)	full-archive sweep 2026-07-30
en	-	boring					EXCLUDE (out of circumplex scope: no Russell label)	full-archive sweep 2026-07-30
en	-	broken					EXCLUDE (out of circumplex scope: no Russell label)	full-archive sweep 2026-07-30
en	-	brushed					EXCLUDE (out of circumplex scope: no Russell label)	full-archive sweep 2026-07-30
en	-	burdened					EXCLUDE (out of circumplex scope: no Russell label)	full-archive sweep 2026-07-30
en	-	capable					EXCLUDE (out of circumplex scope: no Russell label)	full-archive sweep 2026-07-30
en	-	captured					EXCLUDE (out of circumplex scope: no Russell label)	full-archive sweep 2026-07-30
en	-	cared					EXCLUDE (out of circumplex scope: no Russell label)	full-archive sweep 2026-07-30
en	-	caused					EXCLUDE (out of circumplex scope: no Russell label)	full-archive sweep 2026-07-30
en	-	cautious					EXCLUDE (out of circumplex scope: no Russell label)	full-archive sweep 2026-07-30
en	-	certain					EXCLUDE (out of circumplex scope: no Russell label)	full-archive sweep 2026-07-30
en	-	charged					EXCLUDE (out of circumplex scope: no Russell label)	full-archive sweep 2026-07-30
en	-	charismatic					EXCLUDE (out of circumplex scope: no Russell label)	full-archive sweep 2026-07-30
en	-	charming					EXCLUDE (out of circumplex scope: no Russell label)	full-archive sweep 2026-07-30
en	-	cheated					EXCLUDE (out of circumplex scope: no Russell label)	full-archive sweep 2026-07-30
en	-	childish					EXCLUDE (out of circumplex scope: no Russell label)	full-archive sweep 2026-07-30
en	-	choked					EXCLUDE (out of circumplex scope: no Russell label)	full-archive sweep 2026-07-30
en	-	clingy					EXCLUDE (out of circumplex scope: no Russell label)	full-archive sweep 2026-07-30
en	-	closer					EXCLUDE (out of circumplex scope: no Russell label)	full-archive sweep 2026-07-30
en	-	clueless					EXCLUDE (out of circumplex scope: no Russell label)	full-archive sweep 2026-07-30
en	-	cold					EXCLUDE (out of circumplex scope: no Russell label)	full-archive sweep 2026-07-30
en	-	competent					EXCLUDE (out of circumplex scope: no Russell label)	full-archive sweep 2026-07-30
en	-	concerned					EXCLUDE (out of circumplex scope: no Russell label)	full-archive sweep 2026-07-30
en	-	confident					EXCLUDE (out of circumplex scope: no Russell label)	full-archive sweep 2026-07-30
en	-	conflicted					EXCLUDE (out of circumplex scope: no Russell label)	full-archive sweep 2026-07-30
en	-	confused					EXCLUDE (out of circumplex scope: no Russell label)	full-archive sweep 2026-07-30
en	-	conscious					EXCLUDE (out of circumplex scope: no Russell label)	full-archive sweep 2026-07-30
en	-	constant					EXCLUDE (out of circumplex scope: no Russell label)	full-archive sweep 2026-07-30
en	-	controlled					EXCLUDE (out of circumplex scope: no Russell label)	full-archive sweep 2026-07-30
en	-	crazy					EXCLUDE (out of circumplex scope: no Russell label)	full-archive sweep 2026-07-30
en	-	crippled					EXCLUDE (out of circumplex scope: no Russell label)	full-archive sweep 2026-07-30
en	-	cruel					EXCLUDE (out of circumplex scope: no Russell label)	full-archive sweep 2026-07-30
en	-	crushed					EXCLUDE (out of circumplex scope: no Russell label)	full-archive sweep 2026-07-30
en	-	cynical					EXCLUDE (out of circumplex scope: no Russell label)	full-archive sweep 2026-07-30
en	-	damaged					EXCLUDE (out of circumplex scope: no Russell label)	full-archive sweep 2026-07-30
en	-	dangerous					EXCLUDE (out of circumplex scope: no Russell label)	full-archive sweep 2026-07-30
en	-	dead					EXCLUDE (out of circumplex scope: no Russell label)	full-archive sweep 2026-07-30
en	-	deceived					EXCLUDE (out of circumplex scope: no Russell label)	full-archive sweep 2026-07-30
en	-	deep					EXCLUDE (out of circumplex scope: no Russell label)	full-archive sweep 2026-07-30
en	-	defeated					EXCLUDE (out of circumplex scope: no Russell label)	full-archive sweep 2026-07-30
en	-	defective					EXCLUDE (out of circumplex scope: no Russell label)	full-archive sweep 2026-07-30
en	-	degraded					EXCLUDE (out of circumplex scope: no Russell label)	full-archive sweep 2026-07-30
en	-	delicious					EXCLUDE (out of circumplex scope: no Russell label)	full-archive sweep 2026-07-30
en	-	deluded					EXCLUDE (out of circumplex scope: no Russell label)	full-archive sweep 2026-07-30
en	-	demotivated					EXCLUDE (out of circumplex scope: no Russell label)	full-archive sweep 2026-07-30
en	-	desirable					EXCLUDE (out of circumplex scope: no Russell label)	full-archive sweep 2026-07-30
en	-	desired					EXCLUDE (out of circumplex scope: no Russell label)	full-archive sweep 2026-07-30
en	-	desperate	B				EXCLUDE (strict synonymy rule: despair/urgent-need polysemy)	full-archive sweep 2026-07-30
en	-	determined					EXCLUDE (out of circumplex scope: no Russell label)	full-archive sweep 2026-07-30
en	-	devastated	B				EXCLUDE (strict synonymy rule: extreme grief/shock)	full-archive sweep 2026-07-30
en	-	devestated					EXCLUDE (out of circumplex scope: no Russell label)	full-archive sweep 2026-07-30
en	-	different					EXCLUDE (out of circumplex scope: no Russell label)	full-archive sweep 2026-07-30
en	-	difficult					EXCLUDE (out of circumplex scope: no Russell label)	full-archive sweep 2026-07-30
en	-	directionless					EXCLUDE (out of circumplex scope: no Russell label)	full-archive sweep 2026-07-30
en	-	dirty					EXCLUDE (out of circumplex scope: no Russell label)	full-archive sweep 2026-07-30
en	-	disapointed					EXCLUDE (out of circumplex scope: no Russell label)	full-archive sweep 2026-07-30
en	-	disappointed					EXCLUDE (out of circumplex scope: no Russell label)	full-archive sweep 2026-07-30
en	-	discarded					EXCLUDE (out of circumplex scope: no Russell label)	full-archive sweep 2026-07-30
en	-	disconnected					EXCLUDE (out of circumplex scope: no Russell label)	full-archive sweep 2026-07-30
en	-	disengaged					EXCLUDE (out of circumplex scope: no Russell label)	full-archive sweep 2026-07-30
en	-	disgusted					EXCLUDE (out of circumplex scope: no Russell label)	full-archive sweep 2026-07-30
en	-	disgusting					EXCLUDE (out of circumplex scope: no Russell label)	full-archive sweep 2026-07-30
en	-	disillusioned					EXCLUDE (out of circumplex scope: no Russell label)	full-archive sweep 2026-07-30
en	-	disloyal					EXCLUDE (out of circumplex scope: no Russell label)	full-archive sweep 2026-07-30
en	-	dismissed					EXCLUDE (out of circumplex scope: no Russell label)	full-archive sweep 2026-07-30
en	-	displaced					EXCLUDE (out of circumplex scope: no Russell label)	full-archive sweep 2026-07-30
en	-	disrespected					EXCLUDE (out of circumplex scope: no Russell label)	full-archive sweep 2026-07-30
en	-	dissapointed					EXCLUDE (out of circumplex scope: no Russell label)	full-archive sweep 2026-07-30
en	-	distanced					EXCLUDE (out of circumplex scope: no Russell label)	full-archive sweep 2026-07-30
en	-	distant					EXCLUDE (out of circumplex scope: no Russell label)	full-archive sweep 2026-07-30
en	-	distorted					EXCLUDE (out of circumplex scope: no Russell label)	full-archive sweep 2026-07-30
en	-	ditched					EXCLUDE (out of circumplex scope: no Russell label)	full-archive sweep 2026-07-30
en	-	diverse					EXCLUDE (out of circumplex scope: no Russell label)	full-archive sweep 2026-07-30
en	-	dizzy					EXCLUDE (out of circumplex scope: no Russell label)	full-archive sweep 2026-07-30
en	-	done					EXCLUDE (out of circumplex scope: no Russell label)	full-archive sweep 2026-07-30
en	-	doomed					EXCLUDE (out of circumplex scope: no Russell label)	full-archive sweep 2026-07-30
en	-	dorky					EXCLUDE (out of circumplex scope: no Russell label)	full-archive sweep 2026-07-30
en	-	doubtful					EXCLUDE (out of circumplex scope: no Russell label)	full-archive sweep 2026-07-30
en	-	downtrodden					EXCLUDE (out of circumplex scope: no Russell label)	full-archive sweep 2026-07-30
en	-	driven					EXCLUDE (out of circumplex scope: no Russell label)	full-archive sweep 2026-07-30
en	-	dumb					EXCLUDE (out of circumplex scope: no Russell label)	full-archive sweep 2026-07-30
en	-	dysfunctional					EXCLUDE (out of circumplex scope: no Russell label)	full-archive sweep 2026-07-30
en	-	dysphoric					EXCLUDE (out of circumplex scope: no Russell label)	full-archive sweep 2026-07-30
en	-	eager					EXCLUDE (out of circumplex scope: no Russell label)	full-archive sweep 2026-07-30
en	-	edgy	B				EXCLUDE (strict synonymy rule: irritable/nervous + style polysemy)	full-archive sweep 2026-07-30
en	-	embarassed					EXCLUDE (out of circumplex scope: no Russell label)	full-archive sweep 2026-07-30
en	-	embarrassed					EXCLUDE (out of circumplex scope: no Russell label)	full-archive sweep 2026-07-30
en	-	emotional					EXCLUDE (out of circumplex scope: no Russell label)	full-archive sweep 2026-07-30
en	-	empty	B				EXCLUDE (strict synonymy rule: metaphor)	full-archive sweep 2026-07-30
en	-	encouraged					EXCLUDE (out of circumplex scope: no Russell label)	full-archive sweep 2026-07-30
en	-	energetic					EXCLUDE (out of circumplex scope: no Russell label)	full-archive sweep 2026-07-30
en	-	energized					EXCLUDE (out of circumplex scope: no Russell label)	full-archive sweep 2026-07-30
en	-	enough					EXCLUDE (out of circumplex scope: no Russell label)	full-archive sweep 2026-07-30
en	-	entertained					EXCLUDE (out of circumplex scope: no Russell label)	full-archive sweep 2026-07-30
en	-	euphoric	B				EXCLUDE (strict synonymy rule: intensity-shifted delighted/excited blend)	full-archive sweep 2026-07-30
en	-	exciting					EXCLUDE (out of circumplex scope: no Russell label)	full-archive sweep 2026-07-30
en	-	exposed					EXCLUDE (out of circumplex scope: no Russell label)	full-archive sweep 2026-07-30
en	-	exuberant	B				EXCLUDE (strict synonymy rule: high-energy joyful blend)	full-archive sweep 2026-07-30
en	-	failed					EXCLUDE (out of circumplex scope: no Russell label)	full-archive sweep 2026-07-30
en	-	fake					EXCLUDE (out of circumplex scope: no Russell label)	full-archive sweep 2026-07-30
en	-	fascinated					EXCLUDE (out of circumplex scope: no Russell label)	full-archive sweep 2026-07-30
en	-	fast					EXCLUDE (out of circumplex scope: no Russell label)	full-archive sweep 2026-07-30
en	-	fat					EXCLUDE (out of circumplex scope: no Russell label)	full-archive sweep 2026-07-30
en	-	fed					EXCLUDE (out of circumplex scope: no Russell label)	full-archive sweep 2026-07-30
en	-	felt					EXCLUDE (out of circumplex scope: no Russell label)	full-archive sweep 2026-07-30
en	-	fetishized					EXCLUDE (out of circumplex scope: no Russell label)	full-archive sweep 2026-07-30
en	-	feverish					EXCLUDE (out of circumplex scope: no Russell label)	full-archive sweep 2026-07-30
en	-	fit					EXCLUDE (out of circumplex scope: no Russell label)	full-archive sweep 2026-07-30
en	-	flat	B				EXCLUDE (strict synonymy rule: metaphor/literal polysemy)	full-archive sweep 2026-07-30
en	-	flustered	B				EXCLUDE (strict synonymy rule: alarmed/confused blend)	full-archive sweep 2026-07-30
en	-	focused					EXCLUDE (out of circumplex scope: no Russell label)	full-archive sweep 2026-07-30
en	-	foolish					EXCLUDE (out of circumplex scope: no Russell label)	full-archive sweep 2026-07-30
en	-	found					EXCLUDE (out of circumplex scope: no Russell label)	full-archive sweep 2026-07-30
en	-	fragile					EXCLUDE (out of circumplex scope: no Russell label)	full-archive sweep 2026-07-30
en	-	frantic	B				EXCLUDE (strict synonymy rule: fear/hurry blend)	full-archive sweep 2026-07-30
en	-	frazzled					EXCLUDE (out of circumplex scope: no Russell label)	full-archive sweep 2026-07-30
en	-	free					EXCLUDE (out of circumplex scope: no Russell label)	full-archive sweep 2026-07-30
en	-	frozen					EXCLUDE (out of circumplex scope: no Russell label)	full-archive sweep 2026-07-30
en	-	full					EXCLUDE (out of circumplex scope: no Russell label)	full-archive sweep 2026-07-30
en	-	funny					EXCLUDE (out of circumplex scope: no Russell label)	full-archive sweep 2026-07-30
en	-	giddy	B				EXCLUDE (strict synonymy rule: dizzy/excited polysemy)	full-archive sweep 2026-07-30
en	-	given					EXCLUDE (out of circumplex scope: no Russell label)	full-archive sweep 2026-07-30
en	-	good					EXCLUDE (out of circumplex scope: no Russell label)	full-archive sweep 2026-07-30
en	-	got					EXCLUDE (out of circumplex scope: no Russell label)	full-archive sweep 2026-07-30
en	-	great					EXCLUDE (out of circumplex scope: no Russell label)	full-archive sweep 2026-07-30
en	-	greedy					EXCLUDE (out of circumplex scope: no Russell label)	full-archive sweep 2026-07-30
en	-	gross					EXCLUDE (out of circumplex scope: no Russell label)	full-archive sweep 2026-07-30
en	-	grouchy	B				EXCLUDE (strict synonymy rule: same as grumpy)	full-archive sweep 2026-07-30
en	-	grumpy	B				EXCLUDE (strict synonymy rule: bad-tempered mood, not annoyed-at-something)	full-archive sweep 2026-07-30
en	-	guilty					EXCLUDE (out of circumplex scope: no Russell label)	full-archive sweep 2026-07-30
en	-	gullible					EXCLUDE (out of circumplex scope: no Russell label)	full-archive sweep 2026-07-30
en	-	gutted	B				EXCLUDE (strict synonymy rule: BrE devastated/disappointed)	full-archive sweep 2026-07-30
en	-	handsome					EXCLUDE (out of circumplex scope: no Russell label)	full-archive sweep 2026-07-30
en	-	happened					EXCLUDE (out of circumplex scope: no Russell label)	full-archive sweep 2026-07-30
en	-	happier					EXCLUDE (out of circumplex scope: no Russell label)	full-archive sweep 2026-07-30
en	-	hated					EXCLUDE (out of circumplex scope: no Russell label)	full-archive sweep 2026-07-30
en	-	healthy					EXCLUDE (out of circumplex scope: no Russell label)	full-archive sweep 2026-07-30
en	-	heard					EXCLUDE (out of circumplex scope: no Russell label)	full-archive sweep 2026-07-30
en	-	heartbroken	B				EXCLUDE (strict synonymy rule: grief (loss-specific))	full-archive sweep 2026-07-30
en	-	heavy					EXCLUDE (out of circumplex scope: no Russell label)	full-archive sweep 2026-07-30
en	-	helpless					EXCLUDE (out of circumplex scope: no Russell label)	full-archive sweep 2026-07-30
en	-	high					EXCLUDE (out of circumplex scope: no Russell label)	full-archive sweep 2026-07-30
en	-	hollow	B				EXCLUDE (strict synonymy rule: metaphor)	full-archive sweep 2026-07-30
en	-	honored					EXCLUDE (out of circumplex scope: no Russell label)	full-archive sweep 2026-07-30
en	-	hopeful					EXCLUDE (out of circumplex scope: no Russell label)	full-archive sweep 2026-07-30
en	-	hopeless	B				EXCLUDE (strict synonymy rule: despair concept + skill polysemy)	full-archive sweep 2026-07-30
en	-	hopless					EXCLUDE (out of circumplex scope: no Russell label)	full-archive sweep 2026-07-30
en	-	horrible					EXCLUDE (out of circumplex scope: no Russell label)	full-archive sweep 2026-07-30
en	-	horrified	B				EXCLUDE (strict synonymy rule: shock+disgust+fear blend)	full-archive sweep 2026-07-30
en	-	hot					EXCLUDE (out of circumplex scope: no Russell label)	full-archive sweep 2026-07-30
en	-	huge					EXCLUDE (out of circumplex scope: no Russell label)	full-archive sweep 2026-07-30
en	-	humiliated					EXCLUDE (out of circumplex scope: no Russell label)	full-archive sweep 2026-07-30
en	-	hurt					EXCLUDE (out of circumplex scope: no Russell label)	full-archive sweep 2026-07-30
en	-	hyper					EXCLUDE (out of circumplex scope: no Russell label)	full-archive sweep 2026-07-30
en	-	hysterical					EXCLUDE (out of circumplex scope: no Russell label)	full-archive sweep 2026-07-30
en	-	ill					EXCLUDE (out of circumplex scope: no Russell label)	full-archive sweep 2026-07-30
en	-	illegal					EXCLUDE (out of circumplex scope: no Russell label)	full-archive sweep 2026-07-30
en	-	important					EXCLUDE (out of circumplex scope: no Russell label)	full-archive sweep 2026-07-30
en	-	impotent					EXCLUDE (out of circumplex scope: no Russell label)	full-archive sweep 2026-07-30
en	-	impulsive					EXCLUDE (out of circumplex scope: no Russell label)	full-archive sweep 2026-07-30
en	-	inadequate					EXCLUDE (out of circumplex scope: no Russell label)	full-archive sweep 2026-07-30
en	-	incapable					EXCLUDE (out of circumplex scope: no Russell label)	full-archive sweep 2026-07-30
en	-	incompetent					EXCLUDE (out of circumplex scope: no Russell label)	full-archive sweep 2026-07-30
en	-	inconsolable					EXCLUDE (out of circumplex scope: no Russell label)	full-archive sweep 2026-07-30
en	-	indestructible					EXCLUDE (out of circumplex scope: no Russell label)	full-archive sweep 2026-07-30
en	-	inexperienced					EXCLUDE (out of circumplex scope: no Russell label)	full-archive sweep 2026-07-30
en	-	infinite					EXCLUDE (out of circumplex scope: no Russell label)	full-archive sweep 2026-07-30
en	-	innocent					EXCLUDE (out of circumplex scope: no Russell label)	full-archive sweep 2026-07-30
en	-	insecure					EXCLUDE (out of circumplex scope: no Russell label)	full-archive sweep 2026-07-30
en	-	insignificant					EXCLUDE (out of circumplex scope: no Russell label)	full-archive sweep 2026-07-30
en	-	inspired					EXCLUDE (out of circumplex scope: no Russell label)	full-archive sweep 2026-07-30
en	-	insulted					EXCLUDE (out of circumplex scope: no Russell label)	full-archive sweep 2026-07-30
en	-	intact					EXCLUDE (out of circumplex scope: no Russell label)	full-archive sweep 2026-07-30
en	-	interested					EXCLUDE (out of circumplex scope: no Russell label)	full-archive sweep 2026-07-30
en	-	intrigued					EXCLUDE (out of circumplex scope: no Russell label)	full-archive sweep 2026-07-30
en	-	invalidated					EXCLUDE (out of circumplex scope: no Russell label)	full-archive sweep 2026-07-30
en	-	invisible					EXCLUDE (out of circumplex scope: no Russell label)	full-archive sweep 2026-07-30
en	-	irritable	B				EXCLUDE (strict synonymy rule: disposition, not state)	full-archive sweep 2026-07-30
en	-	isolated					EXCLUDE (out of circumplex scope: no Russell label)	full-archive sweep 2026-07-30
en	-	jealous					EXCLUDE (out of circumplex scope: no Russell label)	full-archive sweep 2026-07-30
en	-	jittery	B				EXCLUDE (strict synonymy rule: nervous with somatic-tremor shade)	full-archive sweep 2026-07-30
en	-	joyless	B				EXCLUDE (strict synonymy rule: without-joy (gloomy-adjacent, weak))	full-archive sweep 2026-07-30
en	-	judged					EXCLUDE (out of circumplex scope: no Russell label)	full-archive sweep 2026-07-30
en	-	jumpy					EXCLUDE (out of circumplex scope: no Russell label)	full-archive sweep 2026-07-30
en	-	kept					EXCLUDE (out of circumplex scope: no Russell label)	full-archive sweep 2026-07-30
en	-	knowledgable					EXCLUDE (out of circumplex scope: no Russell label)	full-archive sweep 2026-07-30
en	-	lame					EXCLUDE (out of circumplex scope: no Russell label)	full-archive sweep 2026-07-30
en	-	lazy					EXCLUDE (out of circumplex scope: no Russell label)	full-archive sweep 2026-07-30
en	-	less					EXCLUDE (out of circumplex scope: no Russell label)	full-archive sweep 2026-07-30
en	-	lied					EXCLUDE (out of circumplex scope: no Russell label)	full-archive sweep 2026-07-30
en	-	light					EXCLUDE (out of circumplex scope: no Russell label)	full-archive sweep 2026-07-30
en	-	lightheaded					EXCLUDE (out of circumplex scope: no Russell label)	full-archive sweep 2026-07-30
en	-	listened					EXCLUDE (out of circumplex scope: no Russell label)	full-archive sweep 2026-07-30
en	-	little					EXCLUDE (out of circumplex scope: no Russell label)	full-archive sweep 2026-07-30
en	-	locked					EXCLUDE (out of circumplex scope: no Russell label)	full-archive sweep 2026-07-30
en	-	lonely					EXCLUDE (out of circumplex scope: no Russell label)	full-archive sweep 2026-07-30
en	-	long					EXCLUDE (out of circumplex scope: no Russell label)	full-archive sweep 2026-07-30
en	-	lost					EXCLUDE (out of circumplex scope: no Russell label)	full-archive sweep 2026-07-30
en	-	loved					EXCLUDE (out of circumplex scope: no Russell label)	full-archive sweep 2026-07-30
en	-	lower					EXCLUDE (out of circumplex scope: no Russell label)	full-archive sweep 2026-07-30
en	-	lucky					EXCLUDE (out of circumplex scope: no Russell label)	full-archive sweep 2026-07-30
en	-	made					EXCLUDE (out of circumplex scope: no Russell label)	full-archive sweep 2026-07-30
en	-	manic					EXCLUDE (out of circumplex scope: no Russell label)	full-archive sweep 2026-07-30
en	-	manipulated					EXCLUDE (out of circumplex scope: no Russell label)	full-archive sweep 2026-07-30
en	-	marginalized					EXCLUDE (out of circumplex scope: no Russell label)	full-archive sweep 2026-07-30
en	-	married					EXCLUDE (out of circumplex scope: no Russell label)	full-archive sweep 2026-07-30
en	-	mature					EXCLUDE (out of circumplex scope: no Russell label)	full-archive sweep 2026-07-30
en	-	meaningless					EXCLUDE (out of circumplex scope: no Russell label)	full-archive sweep 2026-07-30
en	-	met					EXCLUDE (out of circumplex scope: no Russell label)	full-archive sweep 2026-07-30
en	-	mindless					EXCLUDE (out of circumplex scope: no Russell label)	full-archive sweep 2026-07-30
en	-	misled					EXCLUDE (out of circumplex scope: no Russell label)	full-archive sweep 2026-07-30
en	-	mistreated					EXCLUDE (out of circumplex scope: no Russell label)	full-archive sweep 2026-07-30
en	-	moody					EXCLUDE (out of circumplex scope: no Russell label)	full-archive sweep 2026-07-30
en	-	most					EXCLUDE (out of circumplex scope: no Russell label)	full-archive sweep 2026-07-30
en	-	motivated					EXCLUDE (out of circumplex scope: no Russell label)	full-archive sweep 2026-07-30
en	-	much					EXCLUDE (out of circumplex scope: no Russell label)	full-archive sweep 2026-07-30
en	-	nauseous					EXCLUDE (out of circumplex scope: no Russell label)	full-archive sweep 2026-07-30
en	-	needed					EXCLUDE (out of circumplex scope: no Russell label)	full-archive sweep 2026-07-30
en	-	needy					EXCLUDE (out of circumplex scope: no Russell label)	full-archive sweep 2026-07-30
en	-	neglected					EXCLUDE (out of circumplex scope: no Russell label)	full-archive sweep 2026-07-30
en	-	new					EXCLUDE (out of circumplex scope: no Russell label)	full-archive sweep 2026-07-30
en	-	nippy					EXCLUDE (out of circumplex scope: no Russell label)	full-archive sweep 2026-07-30
en	-	nonchalant					EXCLUDE (out of circumplex scope: no Russell label)	full-archive sweep 2026-07-30
en	-	normal					EXCLUDE (out of circumplex scope: no Russell label)	full-archive sweep 2026-07-30
en	-	noticed					EXCLUDE (out of circumplex scope: no Russell label)	full-archive sweep 2026-07-30
en	-	numb	B				EXCLUDE (strict synonymy rule: depressed-region metaphor)	full-archive sweep 2026-07-30
en	-	obese					EXCLUDE (out of circumplex scope: no Russell label)	full-archive sweep 2026-07-30
en	-	obliged					EXCLUDE (out of circumplex scope: no Russell label)	full-archive sweep 2026-07-30
en	-	occupied					EXCLUDE (out of circumplex scope: no Russell label)	full-archive sweep 2026-07-30
en	-	odd					EXCLUDE (out of circumplex scope: no Russell label)	full-archive sweep 2026-07-30
en	-	old					EXCLUDE (out of circumplex scope: no Russell label)	full-archive sweep 2026-07-30
en	-	optimistic					EXCLUDE (out of circumplex scope: no Russell label)	full-archive sweep 2026-07-30
en	-	outgoing					EXCLUDE (out of circumplex scope: no Russell label)	full-archive sweep 2026-07-30
en	-	overlooked					EXCLUDE (out of circumplex scope: no Russell label)	full-archive sweep 2026-07-30
en	-	overstimulated					EXCLUDE (out of circumplex scope: no Russell label)	full-archive sweep 2026-07-30
en	-	overweight					EXCLUDE (out of circumplex scope: no Russell label)	full-archive sweep 2026-07-30
en	-	overwhelmed	B				EXCLUDE (strict synonymy rule: distressed-adjacent blend)	full-archive sweep 2026-07-30
en	-	paralysed					EXCLUDE (out of circumplex scope: no Russell label)	full-archive sweep 2026-07-30
en	-	paralyzed					EXCLUDE (out of circumplex scope: no Russell label)	full-archive sweep 2026-07-30
en	-	paranoid					EXCLUDE (out of circumplex scope: no Russell label)	full-archive sweep 2026-07-30
en	-	passive					EXCLUDE (out of circumplex scope: no Russell label)	full-archive sweep 2026-07-30
en	-	pathetic					EXCLUDE (out of circumplex scope: no Russell label)	full-archive sweep 2026-07-30
en	-	pessimistic					EXCLUDE (out of circumplex scope: no Russell label)	full-archive sweep 2026-07-30
en	-	physical					EXCLUDE (out of circumplex scope: no Russell label)	full-archive sweep 2026-07-30
en	-	pointless					EXCLUDE (out of circumplex scope: no Russell label)	full-archive sweep 2026-07-30
en	-	possessive					EXCLUDE (out of circumplex scope: no Russell label)	full-archive sweep 2026-07-30
en	-	powerful					EXCLUDE (out of circumplex scope: no Russell label)	full-archive sweep 2026-07-30
en	-	powerless					EXCLUDE (out of circumplex scope: no Russell label)	full-archive sweep 2026-07-30
en	-	pressured					EXCLUDE (out of circumplex scope: no Russell label)	full-archive sweep 2026-07-30
en	-	private					EXCLUDE (out of circumplex scope: no Russell label)	full-archive sweep 2026-07-30
en	-	productive					EXCLUDE (out of circumplex scope: no Russell label)	full-archive sweep 2026-07-30
en	-	protected					EXCLUDE (out of circumplex scope: no Russell label)	full-archive sweep 2026-07-30
en	-	protective					EXCLUDE (out of circumplex scope: no Russell label)	full-archive sweep 2026-07-30
en	-	proud					EXCLUDE (out of circumplex scope: no Russell label)	full-archive sweep 2026-07-30
en	-	punched					EXCLUDE (out of circumplex scope: no Russell label)	full-archive sweep 2026-07-30
en	-	punished					EXCLUDE (out of circumplex scope: no Russell label)	full-archive sweep 2026-07-30
en	-	put					EXCLUDE (out of circumplex scope: no Russell label)	full-archive sweep 2026-07-30
en	-	quick					EXCLUDE (out of circumplex scope: no Russell label)	full-archive sweep 2026-07-30
en	-	quit					EXCLUDE (out of circumplex scope: no Russell label)	full-archive sweep 2026-07-30
en	-	random					EXCLUDE (out of circumplex scope: no Russell label)	full-archive sweep 2026-07-30
en	-	ready					EXCLUDE (out of circumplex scope: no Russell label)	full-archive sweep 2026-07-30
en	-	real					EXCLUDE (out of circumplex scope: no Russell label)	full-archive sweep 2026-07-30
en	-	rejected					EXCLUDE (out of circumplex scope: no Russell label)	full-archive sweep 2026-07-30
en	-	reluctant					EXCLUDE (out of circumplex scope: no Russell label)	full-archive sweep 2026-07-30
en	-	replaced					EXCLUDE (out of circumplex scope: no Russell label)	full-archive sweep 2026-07-30
en	-	resentful					EXCLUDE (out of circumplex scope: no Russell label)	full-archive sweep 2026-07-30
en	-	respected					EXCLUDE (out of circumplex scope: no Russell label)	full-archive sweep 2026-07-30
en	-	responsive					EXCLUDE (out of circumplex scope: no Russell label)	full-archive sweep 2026-07-30
en	-	restless	B				EXCLUDE (strict synonymy rule: bored/tense blend)	full-archive sweep 2026-07-30
en	-	rewarded					EXCLUDE (out of circumplex scope: no Russell label)	full-archive sweep 2026-07-30
en	-	ridden					EXCLUDE (out of circumplex scope: no Russell label)	full-archive sweep 2026-07-30
en	-	ridiculous					EXCLUDE (out of circumplex scope: no Russell label)	full-archive sweep 2026-07-30
en	-	right					EXCLUDE (out of circumplex scope: no Russell label)	full-archive sweep 2026-07-30
en	-	romantic					EXCLUDE (out of circumplex scope: no Russell label)	full-archive sweep 2026-07-30
en	-	rubbery					EXCLUDE (out of circumplex scope: no Russell label)	full-archive sweep 2026-07-30
en	-	ruined					EXCLUDE (out of circumplex scope: no Russell label)	full-archive sweep 2026-07-30
en	-	safe					EXCLUDE (out of circumplex scope: no Russell label)	full-archive sweep 2026-07-30
en	-	safer					EXCLUDE (out of circumplex scope: no Russell label)	full-archive sweep 2026-07-30
en	-	salty	B				EXCLUDE (strict synonymy rule: slang annoyed/bitter (taste polysemy, register))	full-archive sweep 2026-07-30
en	-	sane					EXCLUDE (out of circumplex scope: no Russell label)	full-archive sweep 2026-07-30
en	-	second					EXCLUDE (out of circumplex scope: no Russell label)	full-archive sweep 2026-07-30
en	-	secondary					EXCLUDE (out of circumplex scope: no Russell label)	full-archive sweep 2026-07-30
en	-	seen					EXCLUDE (out of circumplex scope: no Russell label)	full-archive sweep 2026-07-30
en	-	selfish					EXCLUDE (out of circumplex scope: no Russell label)	full-archive sweep 2026-07-30
en	-	sexual					EXCLUDE (out of circumplex scope: no Russell label)	full-archive sweep 2026-07-30
en	-	sexy					EXCLUDE (out of circumplex scope: no Russell label)	full-archive sweep 2026-07-30
en	-	shaken					EXCLUDE (out of circumplex scope: no Russell label)	full-archive sweep 2026-07-30
en	-	shakey					EXCLUDE (out of circumplex scope: no Russell label)	full-archive sweep 2026-07-30
en	-	shaky					EXCLUDE (out of circumplex scope: no Russell label)	full-archive sweep 2026-07-30
en	-	shameful					EXCLUDE (out of circumplex scope: no Russell label)	full-archive sweep 2026-07-30
en	-	shaped					EXCLUDE (out of circumplex scope: no Russell label)	full-archive sweep 2026-07-30
en	-	shattered					EXCLUDE (out of circumplex scope: no Russell label)	full-archive sweep 2026-07-30
en	-	shitty					EXCLUDE (out of circumplex scope: no Russell label)	full-archive sweep 2026-07-30
en	-	short					EXCLUDE (out of circumplex scope: no Russell label)	full-archive sweep 2026-07-30
en	-	sick					EXCLUDE (out of circumplex scope: no Russell label)	full-archive sweep 2026-07-30
en	-	silenced					EXCLUDE (out of circumplex scope: no Russell label)	full-archive sweep 2026-07-30
en	-	silly					EXCLUDE (out of circumplex scope: no Russell label)	full-archive sweep 2026-07-30
en	-	skilled					EXCLUDE (out of circumplex scope: no Russell label)	full-archive sweep 2026-07-30
en	-	sleepless					EXCLUDE (out of circumplex scope: no Russell label)	full-archive sweep 2026-07-30
en	-	slow					EXCLUDE (out of circumplex scope: no Russell label)	full-archive sweep 2026-07-30
en	-	smaller					EXCLUDE (out of circumplex scope: no Russell label)	full-archive sweep 2026-07-30
en	-	smart					EXCLUDE (out of circumplex scope: no Russell label)	full-archive sweep 2026-07-30
en	-	snappy					EXCLUDE (out of circumplex scope: no Russell label)	full-archive sweep 2026-07-30
en	-	sociable					EXCLUDE (out of circumplex scope: no Russell label)	full-archive sweep 2026-07-30
en	-	sore					EXCLUDE (out of circumplex scope: no Russell label)	full-archive sweep 2026-07-30
en	-	sorry					EXCLUDE (out of circumplex scope: no Russell label)	full-archive sweep 2026-07-30
en	-	sour					EXCLUDE (out of circumplex scope: no Russell label)	full-archive sweep 2026-07-30
en	-	special					EXCLUDE (out of circumplex scope: no Russell label)	full-archive sweep 2026-07-30
en	-	speechless	B				EXCLUDE (strict synonymy rule: surprise/outrage polysemy)	full-archive sweep 2026-07-30
en	tired	spent	B	"exhausted (""I feel spent""); money polysemy low in feel-frames"			KEEP	full-archive sweep 2026-07-30; manual gloss check, no NRC-VAD gate
en	-	spiteful					EXCLUDE (out of circumplex scope: no Russell label)	full-archive sweep 2026-07-30
en	-	stable					EXCLUDE (out of circumplex scope: no Russell label)	full-archive sweep 2026-07-30
en	-	stressful					EXCLUDE (out of circumplex scope: no Russell label)	full-archive sweep 2026-07-30
en	-	strong					EXCLUDE (out of circumplex scope: no Russell label)	full-archive sweep 2026-07-30
en	-	strung					EXCLUDE (out of circumplex scope: no Russell label)	full-archive sweep 2026-07-30
en	-	stuck					EXCLUDE (out of circumplex scope: no Russell label)	full-archive sweep 2026-07-30
en	-	stunted					EXCLUDE (out of circumplex scope: no Russell label)	full-archive sweep 2026-07-30
en	-	stupid					EXCLUDE (out of circumplex scope: no Russell label)	full-archive sweep 2026-07-30
en	-	sucked					EXCLUDE (out of circumplex scope: no Russell label)	full-archive sweep 2026-07-30
en	-	suffocated					EXCLUDE (out of circumplex scope: no Russell label)	full-archive sweep 2026-07-30
en	-	supported					EXCLUDE (out of circumplex scope: no Russell label)	full-archive sweep 2026-07-30
en	-	supposed					EXCLUDE (out of circumplex scope: no Russell label)	full-archive sweep 2026-07-30
en	-	sure					EXCLUDE (out of circumplex scope: no Russell label)	full-archive sweep 2026-07-30
en	-	surreal					EXCLUDE (out of circumplex scope: no Russell label)	full-archive sweep 2026-07-30
en	-	sweet					EXCLUDE (out of circumplex scope: no Russell label)	full-archive sweep 2026-07-30
en	-	taken					EXCLUDE (out of circumplex scope: no Russell label)	full-archive sweep 2026-07-30
en	-	terrible					EXCLUDE (out of circumplex scope: no Russell label)	full-archive sweep 2026-07-30
en	-	thrown					EXCLUDE (out of circumplex scope: no Russell label)	full-archive sweep 2026-07-30
en	-	tied					EXCLUDE (out of circumplex scope: no Russell label)	full-archive sweep 2026-07-30
en	-	torn					EXCLUDE (out of circumplex scope: no Russell label)	full-archive sweep 2026-07-30
en	-	trapped					EXCLUDE (out of circumplex scope: no Russell label)	full-archive sweep 2026-07-30
en	-	traumatic					EXCLUDE (out of circumplex scope: no Russell label)	full-archive sweep 2026-07-30
en	-	traumatized					EXCLUDE (out of circumplex scope: no Russell label)	full-archive sweep 2026-07-30
en	-	tricked					EXCLUDE (out of circumplex scope: no Russell label)	full-archive sweep 2026-07-30
en	-	trusted					EXCLUDE (out of circumplex scope: no Russell label)	full-archive sweep 2026-07-30
en	-	twisted					EXCLUDE (out of circumplex scope: no Russell label)	full-archive sweep 2026-07-30
en	-	ugly					EXCLUDE (out of circumplex scope: no Russell label)	full-archive sweep 2026-07-30
en	-	umcomfortable					EXCLUDE (out of circumplex scope: no Russell label)	full-archive sweep 2026-07-30
en	-	unable					EXCLUDE (out of circumplex scope: no Russell label)	full-archive sweep 2026-07-30
en	-	unappreciated					EXCLUDE (out of circumplex scope: no Russell label)	full-archive sweep 2026-07-30
en	-	unattractive					EXCLUDE (out of circumplex scope: no Russell label)	full-archive sweep 2026-07-30
en	-	unbalanced					EXCLUDE (out of circumplex scope: no Russell label)	full-archive sweep 2026-07-30
en	-	uncomfortable					EXCLUDE (out of circumplex scope: no Russell label)	full-archive sweep 2026-07-30
en	-	uncommon					EXCLUDE (out of circumplex scope: no Russell label)	full-archive sweep 2026-07-30
en	-	underdeveloped					EXCLUDE (out of circumplex scope: no Russell label)	full-archive sweep 2026-07-30
en	-	underestimated					EXCLUDE (out of circumplex scope: no Russell label)	full-archive sweep 2026-07-30
en	-	undermined					EXCLUDE (out of circumplex scope: no Russell label)	full-archive sweep 2026-07-30
en	-	underprepared					EXCLUDE (out of circumplex scope: no Russell label)	full-archive sweep 2026-07-30
en	-	undervalued					EXCLUDE (out of circumplex scope: no Russell label)	full-archive sweep 2026-07-30
en	-	underwhelmed					EXCLUDE (out of circumplex scope: no Russell label)	full-archive sweep 2026-07-30
en	-	undesirable					EXCLUDE (out of circumplex scope: no Russell label)	full-archive sweep 2026-07-30
en	-	unfair					EXCLUDE (out of circumplex scope: no Russell label)	full-archive sweep 2026-07-30
en	-	unfit					EXCLUDE (out of circumplex scope: no Russell label)	full-archive sweep 2026-07-30
en	-	unfocused					EXCLUDE (out of circumplex scope: no Russell label)	full-archive sweep 2026-07-30
en	-	unfulfilled					EXCLUDE (out of circumplex scope: no Russell label)	full-archive sweep 2026-07-30
en	-	ungrateful					EXCLUDE (out of circumplex scope: no Russell label)	full-archive sweep 2026-07-30
en	-	unimportant					EXCLUDE (out of circumplex scope: no Russell label)	full-archive sweep 2026-07-30
en	-	uninterested					EXCLUDE (out of circumplex scope: no Russell label)	full-archive sweep 2026-07-30
en	-	unique					EXCLUDE (out of circumplex scope: no Russell label)	full-archive sweep 2026-07-30
en	-	unloved					EXCLUDE (out of circumplex scope: no Russell label)	full-archive sweep 2026-07-30
en	-	unmotivated					EXCLUDE (out of circumplex scope: no Russell label)	full-archive sweep 2026-07-30
en	-	unnoticed					EXCLUDE (out of circumplex scope: no Russell label)	full-archive sweep 2026-07-30
en	-	unpleasant					EXCLUDE (out of circumplex scope: no Russell label)	full-archive sweep 2026-07-30
en	-	unprepared					EXCLUDE (out of circumplex scope: no Russell label)	full-archive sweep 2026-07-30
en	-	unproductive					EXCLUDE (out of circumplex scope: no Russell label)	full-archive sweep 2026-07-30
en	-	unseen					EXCLUDE (out of circumplex scope: no Russell label)	full-archive sweep 2026-07-30
en	-	unsettled					EXCLUDE (out of circumplex scope: no Russell label)	full-archive sweep 2026-07-30
en	-	unsuccessful					EXCLUDE (out of circumplex scope: no Russell label)	full-archive sweep 2026-07-30
en	-	unsupported					EXCLUDE (out of circumplex scope: no Russell label)	full-archive sweep 2026-07-30
en	-	unsure					EXCLUDE (out of circumplex scope: no Russell label)	full-archive sweep 2026-07-30
en	-	unwanted					EXCLUDE (out of circumplex scope: no Russell label)	full-archive sweep 2026-07-30
en	-	unworthy					EXCLUDE (out of circumplex scope: no Russell label)	full-archive sweep 2026-07-30
en	-	uplifted					EXCLUDE (out of circumplex scope: no Russell label)	full-archive sweep 2026-07-30
en	-	used					EXCLUDE (out of circumplex scope: no Russell label)	full-archive sweep 2026-07-30
en	-	useful					EXCLUDE (out of circumplex scope: no Russell label)	full-archive sweep 2026-07-30
en	-	useless					EXCLUDE (out of circumplex scope: no Russell label)	full-archive sweep 2026-07-30
en	-	validated					EXCLUDE (out of circumplex scope: no Russell label)	full-archive sweep 2026-07-30
en	-	valuable					EXCLUDE (out of circumplex scope: no Russell label)	full-archive sweep 2026-07-30
en	-	vile					EXCLUDE (out of circumplex scope: no Russell label)	full-archive sweep 2026-07-30
en	-	violated					EXCLUDE (out of circumplex scope: no Russell label)	full-archive sweep 2026-07-30
en	-	violent					EXCLUDE (out of circumplex scope: no Russell label)	full-archive sweep 2026-07-30
en	-	void					EXCLUDE (out of circumplex scope: no Russell label)	full-archive sweep 2026-07-30
en	-	vulnerable					EXCLUDE (out of circumplex scope: no Russell label)	full-archive sweep 2026-07-30
en	-	wanted					EXCLUDE (out of circumplex scope: no Russell label)	full-archive sweep 2026-07-30
en	-	weak					EXCLUDE (out of circumplex scope: no Russell label)	full-archive sweep 2026-07-30
en	-	weird					EXCLUDE (out of circumplex scope: no Russell label)	full-archive sweep 2026-07-30
en	-	welcome					EXCLUDE (out of circumplex scope: no Russell label)	full-archive sweep 2026-07-30
en	-	whiny					EXCLUDE (out of circumplex scope: no Russell label)	full-archive sweep 2026-07-30
en	-	white					EXCLUDE (out of circumplex scope: no Russell label)	full-archive sweep 2026-07-30
en	-	wide					EXCLUDE (out of circumplex scope: no Russell label)	full-archive sweep 2026-07-30
en	-	wistful					EXCLUDE (out of circumplex scope: no Russell label)	full-archive sweep 2026-07-30
en	-	withdrawn					EXCLUDE (out of circumplex scope: no Russell label)	full-archive sweep 2026-07-30
en	-	witty					EXCLUDE (out of circumplex scope: no Russell label)	full-archive sweep 2026-07-30
en	-	wonderful					EXCLUDE (out of circumplex scope: no Russell label)	full-archive sweep 2026-07-30
en	-	worn	B				"EXCLUDE (strict synonymy rule: fragment of ""worn out"")"	full-archive sweep 2026-07-30
en	-	worried	B				EXCLUDE (strict synonymy rule: worried != distressed (standing rule))	full-archive sweep 2026-07-30
en	-	worse					EXCLUDE (out of circumplex scope: no Russell label)	full-archive sweep 2026-07-30
en	-	worst					EXCLUDE (out of circumplex scope: no Russell label)	full-archive sweep 2026-07-30
en	-	worthless					EXCLUDE (out of circumplex scope: no Russell label)	full-archive sweep 2026-07-30
en	-	worthwhile					EXCLUDE (out of circumplex scope: no Russell label)	full-archive sweep 2026-07-30
en	-	wrecked					EXCLUDE (out of circumplex scope: no Russell label)	full-archive sweep 2026-07-30
en	-	wrong					EXCLUDE (out of circumplex scope: no Russell label)	full-archive sweep 2026-07-30
ro	-	ametit					EXCLUDE (out of circumplex scope: no Russell label)	full-archive sweep 2026-07-30
ro	-	anxietate	B				EXCLUDE (strict synonymy rule: anxiety != tense (consistent with excluding worried-family))	full-archive sweep 2026-07-30
ro	-	bine					EXCLUDE (out of circumplex scope: no Russell label)	full-archive sweep 2026-07-30
ro	-	consternat	B				EXCLUDE (strict synonymy rule: dismayed/astonished blend)	full-archive sweep 2026-07-30
ro	-	curios					EXCLUDE (out of circumplex scope: no Russell label)	full-archive sweep 2026-07-30
ro	-	dezamagit	B				EXCLUDE (strict synonymy rule: disappointed (cf. निराश/دلسرد calls))	full-archive sweep 2026-07-30
ro	-	dezgustat					EXCLUDE (out of circumplex scope: no Russell label)	full-archive sweep 2026-07-30
ro	-	dor					EXCLUDE (out of circumplex scope: no Russell label)	full-archive sweep 2026-07-30
ro	-	durere					EXCLUDE (out of circumplex scope: no Russell label)	full-archive sweep 2026-07-30
ro	-	excelent					EXCLUDE (out of circumplex scope: no Russell label)	full-archive sweep 2026-07-30
ro	-	extraordinar					EXCLUDE (out of circumplex scope: no Russell label)	full-archive sweep 2026-07-30
ro	-	fascinat					EXCLUDE (out of circumplex scope: no Russell label)	full-archive sweep 2026-07-30
ro	-	fricos					EXCLUDE (out of circumplex scope: no Russell label)	full-archive sweep 2026-07-30
ro	-	greata					EXCLUDE (out of circumplex scope: no Russell label)	full-archive sweep 2026-07-30
ro	-	groaznic					EXCLUDE (out of circumplex scope: no Russell label)	full-archive sweep 2026-07-30
ro	-	impresionat					EXCLUDE (out of circumplex scope: no Russell label)	full-archive sweep 2026-07-30
ro	-	incredere					EXCLUDE (out of circumplex scope: no Russell label)	full-archive sweep 2026-07-30
ro	-	increzator					EXCLUDE (out of circumplex scope: no Russell label)	full-archive sweep 2026-07-30
ro	-	indiferent					EXCLUDE (out of circumplex scope: no Russell label)	full-archive sweep 2026-07-30
ro	-	ingrozitor					EXCLUDE (out of circumplex scope: no Russell label)	full-archive sweep 2026-07-30
ro	-	innebunit					EXCLUDE (out of circumplex scope: no Russell label)	full-archive sweep 2026-07-30
ro	-	intimidat					EXCLUDE (out of circumplex scope: no Russell label)	full-archive sweep 2026-07-30
ro	-	iubire					EXCLUDE (out of circumplex scope: no Russell label)	full-archive sweep 2026-07-30
ro	-	iubit					EXCLUDE (out of circumplex scope: no Russell label)	full-archive sweep 2026-07-30
ro	-	jenat					EXCLUDE (out of circumplex scope: no Russell label)	full-archive sweep 2026-07-30
ro	-	jignit					EXCLUDE (out of circumplex scope: no Russell label)	full-archive sweep 2026-07-30
ro	-	mandru					EXCLUDE (out of circumplex scope: no Russell label)	full-archive sweep 2026-07-30
ro	-	minunat					EXCLUDE (out of circumplex scope: no Russell label)	full-archive sweep 2026-07-30
ro	-	miscat					EXCLUDE (out of circumplex scope: no Russell label)	full-archive sweep 2026-07-30
ro	-	neajutorat					EXCLUDE (out of circumplex scope: no Russell label)	full-archive sweep 2026-07-30
ro	-	nemultumit	B				EXCLUDE (strict synonymy rule: dissatisfied (displeased blend, cf. suparat call))	full-archive sweep 2026-07-30
ro	-	nerabdator	B				EXCLUDE (strict synonymy rule: impatient (cf. zh 不耐烦 call))	full-archive sweep 2026-07-30
ro	-	ofensat					EXCLUDE (out of circumplex scope: no Russell label)	full-archive sweep 2026-07-30
ro	-	onorat					EXCLUDE (out of circumplex scope: no Russell label)	full-archive sweep 2026-07-30
ro	-	optimist					EXCLUDE (out of circumplex scope: no Russell label)	full-archive sweep 2026-07-30
ro	-	oribil					EXCLUDE (out of circumplex scope: no Russell label)	full-archive sweep 2026-07-30
ro	-	oripilat					EXCLUDE (out of circumplex scope: no Russell label)	full-archive sweep 2026-07-30
ro	-	pace	B				EXCLUDE (strict synonymy rule: peace — ambiguous between serene/at ease/calm placement)	full-archive sweep 2026-07-30
ro	-	pasionat					EXCLUDE (out of circumplex scope: no Russell label)	full-archive sweep 2026-07-30
ro	-	pesimist					EXCLUDE (out of circumplex scope: no Russell label)	full-archive sweep 2026-07-30
ro	-	prost					EXCLUDE (out of circumplex scope: no Russell label)	full-archive sweep 2026-07-30
ro	-	ranit					EXCLUDE (out of circumplex scope: no Russell label)	full-archive sweep 2026-07-30
ro	-	rau					EXCLUDE (out of circumplex scope: no Russell label)	full-archive sweep 2026-07-30
ro	-	recunoscator					EXCLUDE (out of circumplex scope: no Russell label)	full-archive sweep 2026-07-30
ro	relaxed	relaxat	A	relaxed — exact synonym; label was missing entirely			KEEP	full-archive sweep 2026-07-30; manual gloss check, no NRC-VAD gate
ro	-	rusinat					EXCLUDE (out of circumplex scope: no Russell label)	full-archive sweep 2026-07-30
ro	-	rusine					EXCLUDE (out of circumplex scope: no Russell label)	full-archive sweep 2026-07-30
ro	-	satul	B				EXCLUDE (strict synonymy rule: fed up (annoyed/bored blend))	full-archive sweep 2026-07-30
ro	-	scarba					EXCLUDE (out of circumplex scope: no Russell label)	full-archive sweep 2026-07-30
ro	-	scarbit					EXCLUDE (out of circumplex scope: no Russell label)	full-archive sweep 2026-07-30
ro	-	singur					EXCLUDE (out of circumplex scope: no Russell label)	full-archive sweep 2026-07-30
ro	-	speranta					EXCLUDE (out of circumplex scope: no Russell label)	full-archive sweep 2026-07-30
ro	-	stanjenit					EXCLUDE (out of circumplex scope: no Russell label)	full-archive sweep 2026-07-30
ro	-	traumatizat					EXCLUDE (out of circumplex scope: no Russell label)	full-archive sweep 2026-07-30
ro	-	umilit					EXCLUDE (out of circumplex scope: no Russell label)	full-archive sweep 2026-07-30
ro	-	ura					EXCLUDE (out of circumplex scope: no Russell label)	full-archive sweep 2026-07-30
ro	-	vinovat					EXCLUDE (out of circumplex scope: no Russell label)	full-archive sweep 2026-07-30
es	-	abandonado					EXCLUDE (out of circumplex scope: no Russell label)	full-archive sweep 2026-07-30
es	-	abierto					EXCLUDE (out of circumplex scope: no Russell label)	full-archive sweep 2026-07-30
es	-	abrumado	B				EXCLUDE (strict synonymy rule: overwhelmed (distressed-adjacent blend))	full-archive sweep 2026-07-30
es	-	acabado					EXCLUDE (out of circumplex scope: no Russell label)	full-archive sweep 2026-07-30
es	-	acomplejado					EXCLUDE (out of circumplex scope: no Russell label)	full-archive sweep 2026-07-30
es	-	acostado					EXCLUDE (out of circumplex scope: no Russell label)	full-archive sweep 2026-07-30
es	-	acostumbrado					EXCLUDE (out of circumplex scope: no Russell label)	full-archive sweep 2026-07-30
es	-	activo					EXCLUDE (out of circumplex scope: no Russell label)	full-archive sweep 2026-07-30
es	-	afortunado					EXCLUDE (out of circumplex scope: no Russell label)	full-archive sweep 2026-07-30
es	-	agradecido					EXCLUDE (out of circumplex scope: no Russell label)	full-archive sweep 2026-07-30
es	-	ahogado					EXCLUDE (out of circumplex scope: no Russell label)	full-archive sweep 2026-07-30
es	-	aislado					EXCLUDE (out of circumplex scope: no Russell label)	full-archive sweep 2026-07-30
es	-	alimentado					EXCLUDE (out of circumplex scope: no Russell label)	full-archive sweep 2026-07-30
es	-	alto					EXCLUDE (out of circumplex scope: no Russell label)	full-archive sweep 2026-07-30
es	-	amenazado					EXCLUDE (out of circumplex scope: no Russell label)	full-archive sweep 2026-07-30
es	-	apto					EXCLUDE (out of circumplex scope: no Russell label)	full-archive sweep 2026-07-30
es	-	apurado					EXCLUDE (out of circumplex scope: no Russell label)	full-archive sweep 2026-07-30
es	-	arrepentido					EXCLUDE (out of circumplex scope: no Russell label)	full-archive sweep 2026-07-30
es	-	asqueado					EXCLUDE (out of circumplex scope: no Russell label)	full-archive sweep 2026-07-30
es	-	asqueroso					EXCLUDE (out of circumplex scope: no Russell label)	full-archive sweep 2026-07-30
es	-	atascado					EXCLUDE (out of circumplex scope: no Russell label)	full-archive sweep 2026-07-30
es	-	atento					EXCLUDE (out of circumplex scope: no Russell label)	full-archive sweep 2026-07-30
es	-	atractivo					EXCLUDE (out of circumplex scope: no Russell label)	full-archive sweep 2026-07-30
es	-	atrapado					EXCLUDE (out of circumplex scope: no Russell label)	full-archive sweep 2026-07-30
es	-	atrasado					EXCLUDE (out of circumplex scope: no Russell label)	full-archive sweep 2026-07-30
es	-	avergonzado					EXCLUDE (out of circumplex scope: no Russell label)	full-archive sweep 2026-07-30
es	-	bajo					EXCLUDE (out of circumplex scope: no Russell label)	full-archive sweep 2026-07-30
es	-	bendecido					EXCLUDE (out of circumplex scope: no Russell label)	full-archive sweep 2026-07-30
es	-	bloqueado					EXCLUDE (out of circumplex scope: no Russell label)	full-archive sweep 2026-07-30
es	-	bonito					EXCLUDE (out of circumplex scope: no Russell label)	full-archive sweep 2026-07-30
es	-	borracho					EXCLUDE (out of circumplex scope: no Russell label)	full-archive sweep 2026-07-30
es	-	bueno					EXCLUDE (out of circumplex scope: no Russell label)	full-archive sweep 2026-07-30
es	-	buscado					EXCLUDE (out of circumplex scope: no Russell label)	full-archive sweep 2026-07-30
es	-	cagado					EXCLUDE (out of circumplex scope: no Russell label)	full-archive sweep 2026-07-30
es	-	caliente					EXCLUDE (out of circumplex scope: no Russell label)	full-archive sweep 2026-07-30
es	-	capaz					EXCLUDE (out of circumplex scope: no Russell label)	full-archive sweep 2026-07-30
es	-	cargado					EXCLUDE (out of circumplex scope: no Russell label)	full-archive sweep 2026-07-30
es	-	casado					EXCLUDE (out of circumplex scope: no Russell label)	full-archive sweep 2026-07-30
es	-	celoso					EXCLUDE (out of circumplex scope: no Russell label)	full-archive sweep 2026-07-30
es	-	centrado					EXCLUDE (out of circumplex scope: no Russell label)	full-archive sweep 2026-07-30
es	-	cerrado					EXCLUDE (out of circumplex scope: no Russell label)	full-archive sweep 2026-07-30
es	-	chato					EXCLUDE (out of circumplex scope: no Russell label)	full-archive sweep 2026-07-30
es	-	ciego					EXCLUDE (out of circumplex scope: no Russell label)	full-archive sweep 2026-07-30
es	-	cierto					EXCLUDE (out of circumplex scope: no Russell label)	full-archive sweep 2026-07-30
es	-	claro					EXCLUDE (out of circumplex scope: no Russell label)	full-archive sweep 2026-07-30
es	-	completo					EXCLUDE (out of circumplex scope: no Russell label)	full-archive sweep 2026-07-30
es	-	complicado					EXCLUDE (out of circumplex scope: no Russell label)	full-archive sweep 2026-07-30
es	-	comprometido					EXCLUDE (out of circumplex scope: no Russell label)	full-archive sweep 2026-07-30
es	-	conciente					EXCLUDE (out of circumplex scope: no Russell label)	full-archive sweep 2026-07-30
es	-	conectado					EXCLUDE (out of circumplex scope: no Russell label)	full-archive sweep 2026-07-30
es	-	confiado					EXCLUDE (out of circumplex scope: no Russell label)	full-archive sweep 2026-07-30
es	-	confundido					EXCLUDE (out of circumplex scope: no Russell label)	full-archive sweep 2026-07-30
es	-	confuso					EXCLUDE (out of circumplex scope: no Russell label)	full-archive sweep 2026-07-30
es	-	consciente					EXCLUDE (out of circumplex scope: no Russell label)	full-archive sweep 2026-07-30
es	-	consiente					EXCLUDE (out of circumplex scope: no Russell label)	full-archive sweep 2026-07-30
es	-	contra					EXCLUDE (out of circumplex scope: no Russell label)	full-archive sweep 2026-07-30
es	-	convencido					EXCLUDE (out of circumplex scope: no Russell label)	full-archive sweep 2026-07-30
es	-	correcto					EXCLUDE (out of circumplex scope: no Russell label)	full-archive sweep 2026-07-30
es	-	corto					EXCLUDE (out of circumplex scope: no Russell label)	full-archive sweep 2026-07-30
es	-	cubierto					EXCLUDE (out of circumplex scope: no Russell label)	full-archive sweep 2026-07-30
es	-	culpable					EXCLUDE (out of circumplex scope: no Russell label)	full-archive sweep 2026-07-30
es	-	curado					EXCLUDE (out of circumplex scope: no Russell label)	full-archive sweep 2026-07-30
es	-	curioso					EXCLUDE (out of circumplex scope: no Russell label)	full-archive sweep 2026-07-30
es	-	decepcionado	B				EXCLUDE (strict synonymy rule: disappointed (standing exclusion))	full-archive sweep 2026-07-30
es	-	decidido					EXCLUDE (out of circumplex scope: no Russell label)	full-archive sweep 2026-07-30
es	-	delgado					EXCLUDE (out of circumplex scope: no Russell label)	full-archive sweep 2026-07-30
es	-	derrotado					EXCLUDE (out of circumplex scope: no Russell label)	full-archive sweep 2026-07-30
es	-	desconectado					EXCLUDE (out of circumplex scope: no Russell label)	full-archive sweep 2026-07-30
es	-	desilusionado	B				EXCLUDE (strict synonymy rule: disappointed)	full-archive sweep 2026-07-30
es	-	desmotivado					EXCLUDE (out of circumplex scope: no Russell label)	full-archive sweep 2026-07-30
es	-	desorientado					EXCLUDE (out of circumplex scope: no Russell label)	full-archive sweep 2026-07-30
es	-	despierto					EXCLUDE (out of circumplex scope: no Russell label)	full-archive sweep 2026-07-30
es	-	devastado					EXCLUDE (out of circumplex scope: no Russell label)	full-archive sweep 2026-07-30
es	-	diferente					EXCLUDE (out of circumplex scope: no Russell label)	full-archive sweep 2026-07-30
es	-	disponible					EXCLUDE (out of circumplex scope: no Russell label)	full-archive sweep 2026-07-30
es	-	dispuesto					EXCLUDE (out of circumplex scope: no Russell label)	full-archive sweep 2026-07-30
es	-	dotado					EXCLUDE (out of circumplex scope: no Russell label)	full-archive sweep 2026-07-30
es	-	drogado					EXCLUDE (out of circumplex scope: no Russell label)	full-archive sweep 2026-07-30
es	-	dudoso					EXCLUDE (out of circumplex scope: no Russell label)	full-archive sweep 2026-07-30
es	-	duro					EXCLUDE (out of circumplex scope: no Russell label)	full-archive sweep 2026-07-30
es	-	ebrio					EXCLUDE (out of circumplex scope: no Russell label)	full-archive sweep 2026-07-30
es	-	embarazado					EXCLUDE (out of circumplex scope: no Russell label)	full-archive sweep 2026-07-30
es	-	enamorado					EXCLUDE (out of circumplex scope: no Russell label)	full-archive sweep 2026-07-30
es	-	encerrado					EXCLUDE (out of circumplex scope: no Russell label)	full-archive sweep 2026-07-30
es	-	enfermo					EXCLUDE (out of circumplex scope: no Russell label)	full-archive sweep 2026-07-30
es	-	enfocado					EXCLUDE (out of circumplex scope: no Russell label)	full-archive sweep 2026-07-30
es	-	equivocado					EXCLUDE (out of circumplex scope: no Russell label)	full-archive sweep 2026-07-30
es	-	especial					EXCLUDE (out of circumplex scope: no Russell label)	full-archive sweep 2026-07-30
es	-	estable					EXCLUDE (out of circumplex scope: no Russell label)	full-archive sweep 2026-07-30
es	-	estafado					EXCLUDE (out of circumplex scope: no Russell label)	full-archive sweep 2026-07-30
es	-	estancado					EXCLUDE (out of circumplex scope: no Russell label)	full-archive sweep 2026-07-30
es	-	estupido					EXCLUDE (out of circumplex scope: no Russell label)	full-archive sweep 2026-07-30
es	-	exagerado					EXCLUDE (out of circumplex scope: no Russell label)	full-archive sweep 2026-07-30
es	-	excluido					EXCLUDE (out of circumplex scope: no Russell label)	full-archive sweep 2026-07-30
es	-	expuesto					EXCLUDE (out of circumplex scope: no Russell label)	full-archive sweep 2026-07-30
es	-	familiarizado					EXCLUDE (out of circumplex scope: no Russell label)	full-archive sweep 2026-07-30
es	-	feo					EXCLUDE (out of circumplex scope: no Russell label)	full-archive sweep 2026-07-30
es	-	flaco					EXCLUDE (out of circumplex scope: no Russell label)	full-archive sweep 2026-07-30
es	-	formado					EXCLUDE (out of circumplex scope: no Russell label)	full-archive sweep 2026-07-30
es	-	fracasado					EXCLUDE (out of circumplex scope: no Russell label)	full-archive sweep 2026-07-30
es	-	fuerte					EXCLUDE (out of circumplex scope: no Russell label)	full-archive sweep 2026-07-30
es	-	genial					EXCLUDE (out of circumplex scope: no Russell label)	full-archive sweep 2026-07-30
es	-	gordito					EXCLUDE (out of circumplex scope: no Russell label)	full-archive sweep 2026-07-30
es	-	gordo					EXCLUDE (out of circumplex scope: no Russell label)	full-archive sweep 2026-07-30
es	-	grande					EXCLUDE (out of circumplex scope: no Russell label)	full-archive sweep 2026-07-30
es	-	guapo					EXCLUDE (out of circumplex scope: no Russell label)	full-archive sweep 2026-07-30
es	-	hecho					EXCLUDE (out of circumplex scope: no Russell label)	full-archive sweep 2026-07-30
es	-	herido					EXCLUDE (out of circumplex scope: no Russell label)	full-archive sweep 2026-07-30
es	-	hermoso					EXCLUDE (out of circumplex scope: no Russell label)	full-archive sweep 2026-07-30
es	-	hinchado					EXCLUDE (out of circumplex scope: no Russell label)	full-archive sweep 2026-07-30
es	-	horrible					EXCLUDE (out of circumplex scope: no Russell label)	full-archive sweep 2026-07-30
es	-	humillado					EXCLUDE (out of circumplex scope: no Russell label)	full-archive sweep 2026-07-30
es	-	idiota					EXCLUDE (out of circumplex scope: no Russell label)	full-archive sweep 2026-07-30
es	-	ignorado					EXCLUDE (out of circumplex scope: no Russell label)	full-archive sweep 2026-07-30
es	-	igual					EXCLUDE (out of circumplex scope: no Russell label)	full-archive sweep 2026-07-30
es	-	impotente					EXCLUDE (out of circumplex scope: no Russell label)	full-archive sweep 2026-07-30
es	-	incapaz					EXCLUDE (out of circumplex scope: no Russell label)	full-archive sweep 2026-07-30
es	-	incomodo	B				EXCLUDE (strict synonymy rule: uncomfortable (at-ease negation))	full-archive sweep 2026-07-30
es	-	indeciso					EXCLUDE (out of circumplex scope: no Russell label)	full-archive sweep 2026-07-30
es	-	inferior					EXCLUDE (out of circumplex scope: no Russell label)	full-archive sweep 2026-07-30
es	-	insatisfecho	B				EXCLUDE (strict synonymy rule: dissatisfied blend)	full-archive sweep 2026-07-30
es	-	inscrito					EXCLUDE (out of circumplex scope: no Russell label)	full-archive sweep 2026-07-30
es	-	inseguro					EXCLUDE (out of circumplex scope: no Russell label)	full-archive sweep 2026-07-30
es	-	insuficiente					EXCLUDE (out of circumplex scope: no Russell label)	full-archive sweep 2026-07-30
es	-	intentado					EXCLUDE (out of circumplex scope: no Russell label)	full-archive sweep 2026-07-30
es	-	interesado					EXCLUDE (out of circumplex scope: no Russell label)	full-archive sweep 2026-07-30
es	-	intimidado					EXCLUDE (out of circumplex scope: no Russell label)	full-archive sweep 2026-07-30
es	-	intrigado					EXCLUDE (out of circumplex scope: no Russell label)	full-archive sweep 2026-07-30
es	-	inutil					EXCLUDE (out of circumplex scope: no Russell label)	full-archive sweep 2026-07-30
es	-	jodido					EXCLUDE (out of circumplex scope: no Russell label)	full-archive sweep 2026-07-30
es	-	joven					EXCLUDE (out of circumplex scope: no Russell label)	full-archive sweep 2026-07-30
es	-	junto					EXCLUDE (out of circumplex scope: no Russell label)	full-archive sweep 2026-07-30
es	-	justo					EXCLUDE (out of circumplex scope: no Russell label)	full-archive sweep 2026-07-30
es	-	liberado					EXCLUDE (out of circumplex scope: no Russell label)	full-archive sweep 2026-07-30
es	-	libre					EXCLUDE (out of circumplex scope: no Russell label)	full-archive sweep 2026-07-30
es	-	limitado					EXCLUDE (out of circumplex scope: no Russell label)	full-archive sweep 2026-07-30
es	-	lindo					EXCLUDE (out of circumplex scope: no Russell label)	full-archive sweep 2026-07-30
es	-	listo					EXCLUDE (out of circumplex scope: no Russell label)	full-archive sweep 2026-07-30
es	-	lleno					EXCLUDE (out of circumplex scope: no Russell label)	full-archive sweep 2026-07-30
es	-	loco					EXCLUDE (out of circumplex scope: no Russell label)	full-archive sweep 2026-07-30
es	-	mal					EXCLUDE (out of circumplex scope: no Russell label)	full-archive sweep 2026-07-30
es	-	maldito					EXCLUDE (out of circumplex scope: no Russell label)	full-archive sweep 2026-07-30
es	-	malo					EXCLUDE (out of circumplex scope: no Russell label)	full-archive sweep 2026-07-30
es	-	mamadisimo					EXCLUDE (out of circumplex scope: no Russell label)	full-archive sweep 2026-07-30
es	-	mareado					EXCLUDE (out of circumplex scope: no Russell label)	full-archive sweep 2026-07-30
es	-	mejor					EXCLUDE (out of circumplex scope: no Russell label)	full-archive sweep 2026-07-30
es	-	mojado					EXCLUDE (out of circumplex scope: no Russell label)	full-archive sweep 2026-07-30
es	-	motivado					EXCLUDE (out of circumplex scope: no Russell label)	full-archive sweep 2026-07-30
es	-	muerto					EXCLUDE (out of circumplex scope: no Russell label)	full-archive sweep 2026-07-30
es	-	negado					EXCLUDE (out of circumplex scope: no Russell label)	full-archive sweep 2026-07-30
es	-	normal					EXCLUDE (out of circumplex scope: no Russell label)	full-archive sweep 2026-07-30
es	-	nuevo					EXCLUDE (out of circumplex scope: no Russell label)	full-archive sweep 2026-07-30
es	-	obligado					EXCLUDE (out of circumplex scope: no Russell label)	full-archive sweep 2026-07-30
es	-	observado					EXCLUDE (out of circumplex scope: no Russell label)	full-archive sweep 2026-07-30
es	-	obsesionado					EXCLUDE (out of circumplex scope: no Russell label)	full-archive sweep 2026-07-30
es	-	ocupado					EXCLUDE (out of circumplex scope: no Russell label)	full-archive sweep 2026-07-30
es	-	orgulloso					EXCLUDE (out of circumplex scope: no Russell label)	full-archive sweep 2026-07-30
es	-	oxidado					EXCLUDE (out of circumplex scope: no Russell label)	full-archive sweep 2026-07-30
es	-	parado					EXCLUDE (out of circumplex scope: no Russell label)	full-archive sweep 2026-07-30
es	-	paralizado					EXCLUDE (out of circumplex scope: no Russell label)	full-archive sweep 2026-07-30
es	-	paranoico					EXCLUDE (out of circumplex scope: no Russell label)	full-archive sweep 2026-07-30
es	-	pasado					EXCLUDE (out of circumplex scope: no Russell label)	full-archive sweep 2026-07-30
es	-	pegado					EXCLUDE (out of circumplex scope: no Russell label)	full-archive sweep 2026-07-30
es	-	peleado					EXCLUDE (out of circumplex scope: no Russell label)	full-archive sweep 2026-07-30
es	-	pendejo					EXCLUDE (out of circumplex scope: no Russell label)	full-archive sweep 2026-07-30
es	-	pensado					EXCLUDE (out of circumplex scope: no Russell label)	full-archive sweep 2026-07-30
es	-	peor					EXCLUDE (out of circumplex scope: no Russell label)	full-archive sweep 2026-07-30
es	-	perdido					EXCLUDE (out of circumplex scope: no Russell label)	full-archive sweep 2026-07-30
es	-	perezoso					EXCLUDE (out of circumplex scope: no Russell label)	full-archive sweep 2026-07-30
es	-	perfecto					EXCLUDE (out of circumplex scope: no Russell label)	full-archive sweep 2026-07-30
es	-	pobre					EXCLUDE (out of circumplex scope: no Russell label)	full-archive sweep 2026-07-30
es	-	preparado					EXCLUDE (out of circumplex scope: no Russell label)	full-archive sweep 2026-07-30
es	-	presente					EXCLUDE (out of circumplex scope: no Russell label)	full-archive sweep 2026-07-30
es	-	presionado					EXCLUDE (out of circumplex scope: no Russell label)	full-archive sweep 2026-07-30
es	-	querido					EXCLUDE (out of circumplex scope: no Russell label)	full-archive sweep 2026-07-30
es	-	raro					EXCLUDE (out of circumplex scope: no Russell label)	full-archive sweep 2026-07-30
es	-	rechazado					EXCLUDE (out of circumplex scope: no Russell label)	full-archive sweep 2026-07-30
es	-	registrado					EXCLUDE (out of circumplex scope: no Russell label)	full-archive sweep 2026-07-30
es	-	responsable					EXCLUDE (out of circumplex scope: no Russell label)	full-archive sweep 2026-07-30
es	-	rico					EXCLUDE (out of circumplex scope: no Russell label)	full-archive sweep 2026-07-30
es	-	rodeado					EXCLUDE (out of circumplex scope: no Russell label)	full-archive sweep 2026-07-30
es	-	roto					EXCLUDE (out of circumplex scope: no Russell label)	full-archive sweep 2026-07-30
es	-	saludable					EXCLUDE (out of circumplex scope: no Russell label)	full-archive sweep 2026-07-30
es	-	sano					EXCLUDE (out of circumplex scope: no Russell label)	full-archive sweep 2026-07-30
es	-	seco					EXCLUDE (out of circumplex scope: no Russell label)	full-archive sweep 2026-07-30
es	-	seguro					EXCLUDE (out of circumplex scope: no Russell label)	full-archive sweep 2026-07-30
es	-	sentado					EXCLUDE (out of circumplex scope: no Russell label)	full-archive sweep 2026-07-30
es	-	sexy					EXCLUDE (out of circumplex scope: no Russell label)	full-archive sweep 2026-07-30
es	-	solitario					EXCLUDE (out of circumplex scope: no Russell label)	full-archive sweep 2026-07-30
es	-	solo					EXCLUDE (out of circumplex scope: no Russell label)	full-archive sweep 2026-07-30
es	-	soltero					EXCLUDE (out of circumplex scope: no Russell label)	full-archive sweep 2026-07-30
es	-	sucio					EXCLUDE (out of circumplex scope: no Russell label)	full-archive sweep 2026-07-30
es	-	suficiente					EXCLUDE (out of circumplex scope: no Russell label)	full-archive sweep 2026-07-30
es	-	superior					EXCLUDE (out of circumplex scope: no Russell label)	full-archive sweep 2026-07-30
es	-	terrible					EXCLUDE (out of circumplex scope: no Russell label)	full-archive sweep 2026-07-30
es	-	tonto					EXCLUDE (out of circumplex scope: no Russell label)	full-archive sweep 2026-07-30
es	-	trabado					EXCLUDE (out of circumplex scope: no Russell label)	full-archive sweep 2026-07-30
es	-	traicionado					EXCLUDE (out of circumplex scope: no Russell label)	full-archive sweep 2026-07-30
es	-	traumado					EXCLUDE (out of circumplex scope: no Russell label)	full-archive sweep 2026-07-30
es	-	usado					EXCLUDE (out of circumplex scope: no Russell label)	full-archive sweep 2026-07-30
es	-	viejo					EXCLUDE (out of circumplex scope: no Russell label)	full-archive sweep 2026-07-30
es	-	vivo					EXCLUDE (out of circumplex scope: no Russell label)	full-archive sweep 2026-07-30
es	-	vulnerable					EXCLUDE (out of circumplex scope: no Russell label)	full-archive sweep 2026-07-30
zh	-	一凉					EXCLUDE (out of circumplex scope: no Russell label)	full-archive sweep 2026-07-30
zh	-	一凛					EXCLUDE (out of circumplex scope: no Russell label)	full-archive sweep 2026-07-30
zh	-	一喜					EXCLUDE (out of circumplex scope: no Russell label)	full-archive sweep 2026-07-30
zh	-	一慌					EXCLUDE (out of circumplex scope: no Russell label)	full-archive sweep 2026-07-30
zh	-	一见钟情					EXCLUDE (out of circumplex scope: no Russell label)	full-archive sweep 2026-07-30
zh	-	七上八下					EXCLUDE (out of circumplex scope: no Russell label)	full-archive sweep 2026-07-30
zh	-	上头					EXCLUDE (out of circumplex scope: no Russell label)	full-archive sweep 2026-07-30
zh	-	不乐意					EXCLUDE (out of circumplex scope: no Russell label)	full-archive sweep 2026-07-30
zh	-	不习惯					EXCLUDE (out of circumplex scope: no Russell label)	full-archive sweep 2026-07-30
zh	-	不可思议					EXCLUDE (out of circumplex scope: no Russell label)	full-archive sweep 2026-07-30
zh	-	不可置信					EXCLUDE (out of circumplex scope: no Russell label)	full-archive sweep 2026-07-30
zh	-	不好受					EXCLUDE (out of circumplex scope: no Russell label)	full-archive sweep 2026-07-30
zh	-	不好意思					EXCLUDE (out of circumplex scope: no Russell label)	full-archive sweep 2026-07-30
zh	-	不妙					EXCLUDE (out of circumplex scope: no Russell label)	full-archive sweep 2026-07-30
zh	-	不安	B				EXCLUDE (strict synonymy rule: broad unease (tense/worried blend))	full-archive sweep 2026-07-30
zh	-	不安心					EXCLUDE (out of circumplex scope: no Russell label)	full-archive sweep 2026-07-30
zh	-	不寒而栗					EXCLUDE (out of circumplex scope: no Russell label)	full-archive sweep 2026-07-30
zh	-	不对劲					EXCLUDE (out of circumplex scope: no Russell label)	full-archive sweep 2026-07-30
zh	-	不屑					EXCLUDE (out of circumplex scope: no Russell label)	full-archive sweep 2026-07-30
zh	-	不平衡					EXCLUDE (out of circumplex scope: no Russell label)	full-archive sweep 2026-07-30
zh	-	不平静					EXCLUDE (out of circumplex scope: no Russell label)	full-archive sweep 2026-07-30
zh	-	不幸					EXCLUDE (out of circumplex scope: no Russell label)	full-archive sweep 2026-07-30
zh	-	不开心					EXCLUDE (out of circumplex scope: no Russell label)	full-archive sweep 2026-07-30
zh	-	不得劲					EXCLUDE (out of circumplex scope: no Russell label)	full-archive sweep 2026-07-30
zh	-	不忍					EXCLUDE (out of circumplex scope: no Russell label)	full-archive sweep 2026-07-30
zh	-	不忍心					EXCLUDE (out of circumplex scope: no Russell label)	full-archive sweep 2026-07-30
zh	-	不快乐					EXCLUDE (out of circumplex scope: no Russell label)	full-archive sweep 2026-07-30
zh	-	不悦					EXCLUDE (out of circumplex scope: no Russell label)	full-archive sweep 2026-07-30
zh	-	不情愿					EXCLUDE (out of circumplex scope: no Russell label)	full-archive sweep 2026-07-30
zh	-	不愉快					EXCLUDE (out of circumplex scope: no Russell label)	full-archive sweep 2026-07-30
zh	-	不放心					EXCLUDE (out of circumplex scope: no Russell label)	full-archive sweep 2026-07-30
zh	-	不敢相信					EXCLUDE (out of circumplex scope: no Russell label)	full-archive sweep 2026-07-30
zh	-	不敢置信					EXCLUDE (out of circumplex scope: no Russell label)	full-archive sweep 2026-07-30
zh	-	不服					EXCLUDE (out of circumplex scope: no Russell label)	full-archive sweep 2026-07-30
zh	-	不服气					EXCLUDE (out of circumplex scope: no Russell label)	full-archive sweep 2026-07-30
zh	-	不淡定					EXCLUDE (out of circumplex scope: no Russell label)	full-archive sweep 2026-07-30
zh	-	不满					EXCLUDE (out of circumplex scope: no Russell label)	full-archive sweep 2026-07-30
zh	-	不满意					EXCLUDE (out of circumplex scope: no Russell label)	full-archive sweep 2026-07-30
zh	-	不满足					EXCLUDE (out of circumplex scope: no Russell label)	full-archive sweep 2026-07-30
zh	-	不爽					EXCLUDE (out of circumplex scope: no Russell label)	full-archive sweep 2026-07-30
zh	-	不甘					EXCLUDE (out of circumplex scope: no Russell label)	full-archive sweep 2026-07-30
zh	-	不甘心					EXCLUDE (out of circumplex scope: no Russell label)	full-archive sweep 2026-07-30
zh	-	不痛快					EXCLUDE (out of circumplex scope: no Russell label)	full-archive sweep 2026-07-30
zh	-	不知所措					EXCLUDE (out of circumplex scope: no Russell label)	full-archive sweep 2026-07-30
zh	-	不知足					EXCLUDE (out of circumplex scope: no Russell label)	full-archive sweep 2026-07-30
zh	-	不自信					EXCLUDE (out of circumplex scope: no Russell label)	full-archive sweep 2026-07-30
zh	-	不自在					EXCLUDE (out of circumplex scope: no Russell label)	full-archive sweep 2026-07-30
zh	-	不舍					EXCLUDE (out of circumplex scope: no Russell label)	full-archive sweep 2026-07-30
zh	-	不舒坦					EXCLUDE (out of circumplex scope: no Russell label)	full-archive sweep 2026-07-30
zh	-	不踏实					EXCLUDE (out of circumplex scope: no Russell label)	full-archive sweep 2026-07-30
zh	-	不高兴					EXCLUDE (out of circumplex scope: no Russell label)	full-archive sweep 2026-07-30
zh	-	丢人					EXCLUDE (out of circumplex scope: no Russell label)	full-archive sweep 2026-07-30
zh	-	丢脸					EXCLUDE (out of circumplex scope: no Russell label)	full-archive sweep 2026-07-30
zh	-	丧气					EXCLUDE (out of circumplex scope: no Russell label)	full-archive sweep 2026-07-30
zh	-	为难					EXCLUDE (out of circumplex scope: no Russell label)	full-archive sweep 2026-07-30
zh	-	久违					EXCLUDE (out of circumplex scope: no Russell label)	full-archive sweep 2026-07-30
zh	-	义愤填膺					EXCLUDE (out of circumplex scope: no Russell label)	full-archive sweep 2026-07-30
zh	-	乏味					EXCLUDE (out of circumplex scope: no Russell label)	full-archive sweep 2026-07-30
zh	-	乐呵					EXCLUDE (out of circumplex scope: no Russell label)	full-archive sweep 2026-07-30
zh	-	乐在其中					EXCLUDE (out of circumplex scope: no Russell label)	full-archive sweep 2026-07-30
zh	-	乐开了花					EXCLUDE (out of circumplex scope: no Russell label)	full-archive sweep 2026-07-30
zh	-	乐开花					EXCLUDE (out of circumplex scope: no Russell label)	full-archive sweep 2026-07-30
zh	-	乐滋滋					EXCLUDE (out of circumplex scope: no Russell label)	full-archive sweep 2026-07-30
zh	-	乐观					EXCLUDE (out of circumplex scope: no Russell label)	full-archive sweep 2026-07-30
zh	-	于心不忍					EXCLUDE (out of circumplex scope: no Russell label)	full-archive sweep 2026-07-30
zh	-	亏欠					EXCLUDE (out of circumplex scope: no Russell label)	full-archive sweep 2026-07-30
zh	-	五味杂陈					EXCLUDE (out of circumplex scope: no Russell label)	full-archive sweep 2026-07-30
zh	-	享受					EXCLUDE (out of circumplex scope: no Russell label)	full-archive sweep 2026-07-30
zh	-	亲切					EXCLUDE (out of circumplex scope: no Russell label)	full-archive sweep 2026-07-30
zh	-	仇恨					EXCLUDE (out of circumplex scope: no Russell label)	full-archive sweep 2026-07-30
zh	-	介意					EXCLUDE (out of circumplex scope: no Russell label)	full-archive sweep 2026-07-30
zh	-	优越感					EXCLUDE (out of circumplex scope: no Russell label)	full-archive sweep 2026-07-30
zh	-	伤心不已					EXCLUDE (out of circumplex scope: no Russell label)	full-archive sweep 2026-07-30
zh	-	伤心欲绝					EXCLUDE (out of circumplex scope: no Russell label)	full-archive sweep 2026-07-30
zh	sad	伤悲	B	sorrow (poetic inversion of anchor 悲伤)			KEEP	full-archive sweep 2026-07-30; manual gloss check, no NRC-VAD gate
zh	-	伤感	B				EXCLUDE (strict synonymy rule: sentimental-tinged sadness)	full-archive sweep 2026-07-30
zh	-	伤痛					EXCLUDE (out of circumplex scope: no Russell label)	full-archive sweep 2026-07-30
zh	-	伤神					EXCLUDE (out of circumplex scope: no Russell label)	full-archive sweep 2026-07-30
zh	-	低落	B				EXCLUDE (strict synonymy rule: low mood (gloomy/depressed blend))	full-archive sweep 2026-07-30
zh	-	作呕					EXCLUDE (out of circumplex scope: no Russell label)	full-archive sweep 2026-07-30
zh	-	依依不舍					EXCLUDE (out of circumplex scope: no Russell label)	full-archive sweep 2026-07-30
zh	-	倒霉					EXCLUDE (out of circumplex scope: no Russell label)	full-archive sweep 2026-07-30
zh	-	做贼心虚					EXCLUDE (out of circumplex scope: no Russell label)	full-archive sweep 2026-07-30
zh	-	偷着乐					EXCLUDE (out of circumplex scope: no Russell label)	full-archive sweep 2026-07-30
zh	-	充实					EXCLUDE (out of circumplex scope: no Russell label)	full-archive sweep 2026-07-30
zh	-	光荣					EXCLUDE (out of circumplex scope: no Russell label)	full-archive sweep 2026-07-30
zh	-	克制					EXCLUDE (out of circumplex scope: no Russell label)	full-archive sweep 2026-07-30
zh	-	兴奋不已					EXCLUDE (out of circumplex scope: no Russell label)	full-archive sweep 2026-07-30
zh	-	内疚					EXCLUDE (out of circumplex scope: no Russell label)	full-archive sweep 2026-07-30
zh	-	冤枉					EXCLUDE (out of circumplex scope: no Russell label)	full-archive sweep 2026-07-30
zh	-	冲动					EXCLUDE (out of circumplex scope: no Russell label)	full-archive sweep 2026-07-30
zh	-	冷漠					EXCLUDE (out of circumplex scope: no Russell label)	full-archive sweep 2026-07-30
zh	-	凄凉	B				EXCLUDE (strict synonymy rule: desolate (scene/feeling polysemy))	full-archive sweep 2026-07-30
zh	-	凝重					EXCLUDE (out of circumplex scope: no Russell label)	full-archive sweep 2026-07-30
zh	-	别扭					EXCLUDE (out of circumplex scope: no Russell label)	full-archive sweep 2026-07-30
zh	-	力不从心					EXCLUDE (out of circumplex scope: no Russell label)	full-archive sweep 2026-07-30
zh	-	动容					EXCLUDE (out of circumplex scope: no Russell label)	full-archive sweep 2026-07-30
zh	-	动心					EXCLUDE (out of circumplex scope: no Russell label)	full-archive sweep 2026-07-30
zh	-	动情					EXCLUDE (out of circumplex scope: no Russell label)	full-archive sweep 2026-07-30
zh	-	动摇					EXCLUDE (out of circumplex scope: no Russell label)	full-archive sweep 2026-07-30
zh	-	勃然大怒					EXCLUDE (out of circumplex scope: no Russell label)	full-archive sweep 2026-07-30
zh	-	卑微					EXCLUDE (out of circumplex scope: no Russell label)	full-archive sweep 2026-07-30
zh	-	危机感					EXCLUDE (out of circumplex scope: no Russell label)	full-archive sweep 2026-07-30
zh	-	压力	B				EXCLUDE (strict synonymy rule: pressure/stressor noun, not the affect state)	full-archive sweep 2026-07-30
zh	-	压力大					EXCLUDE (out of circumplex scope: no Russell label)	full-archive sweep 2026-07-30
zh	-	压力山大					EXCLUDE (out of circumplex scope: no Russell label)	full-archive sweep 2026-07-30
zh	-	压抑					EXCLUDE (out of circumplex scope: no Russell label)	full-archive sweep 2026-07-30
zh	-	压迫感					EXCLUDE (out of circumplex scope: no Russell label)	full-archive sweep 2026-07-30
zh	-	厌倦	B				EXCLUDE (strict synonymy rule: weary-of (bored/tired blend))	full-archive sweep 2026-07-30
zh	-	厌恶					EXCLUDE (out of circumplex scope: no Russell label)	full-archive sweep 2026-07-30
zh	-	厌烦	B				EXCLUDE (strict synonymy rule: fed-up (annoyed/bored blend))	full-archive sweep 2026-07-30
zh	-	又惊又喜					EXCLUDE (out of circumplex scope: no Russell label)	full-archive sweep 2026-07-30
zh	-	反感					EXCLUDE (out of circumplex scope: no Russell label)	full-archive sweep 2026-07-30
zh	-	发怵	B				EXCLUDE (strict synonymy rule: dread with daunted-by-task shade)	full-archive sweep 2026-07-30
zh	-	发愁					EXCLUDE (out of circumplex scope: no Russell label)	full-archive sweep 2026-07-30
zh	-	发慌					EXCLUDE (out of circumplex scope: no Russell label)	full-archive sweep 2026-07-30
zh	-	发毛					EXCLUDE (out of circumplex scope: no Russell label)	full-archive sweep 2026-07-30
zh	-	发火					EXCLUDE (out of circumplex scope: no Russell label)	full-archive sweep 2026-07-30
zh	-	发狂					EXCLUDE (out of circumplex scope: no Russell label)	full-archive sweep 2026-07-30
zh	-	发闷					EXCLUDE (out of circumplex scope: no Russell label)	full-archive sweep 2026-07-30
zh	-	受不了					EXCLUDE (out of circumplex scope: no Russell label)	full-archive sweep 2026-07-30
zh	-	受不住					EXCLUDE (out of circumplex scope: no Russell label)	full-archive sweep 2026-07-30
zh	-	受刺激					EXCLUDE (out of circumplex scope: no Russell label)	full-archive sweep 2026-07-30
zh	-	受委屈					EXCLUDE (out of circumplex scope: no Russell label)	full-archive sweep 2026-07-30
zh	-	受宠若惊					EXCLUDE (out of circumplex scope: no Russell label)	full-archive sweep 2026-07-30
zh	-	受惊					EXCLUDE (out of circumplex scope: no Russell label)	full-archive sweep 2026-07-30
zh	-	受挫					EXCLUDE (out of circumplex scope: no Russell label)	full-archive sweep 2026-07-30
zh	-	受震撼					EXCLUDE (out of circumplex scope: no Russell label)	full-archive sweep 2026-07-30
zh	-	受鼓舞					EXCLUDE (out of circumplex scope: no Russell label)	full-archive sweep 2026-07-30
zh	-	可怜					EXCLUDE (out of circumplex scope: no Russell label)	full-archive sweep 2026-07-30
zh	-	可恨					EXCLUDE (out of circumplex scope: no Russell label)	full-archive sweep 2026-07-30
zh	-	可恶					EXCLUDE (out of circumplex scope: no Russell label)	full-archive sweep 2026-07-30
zh	-	可悲					EXCLUDE (out of circumplex scope: no Russell label)	full-archive sweep 2026-07-30
zh	-	可惜					EXCLUDE (out of circumplex scope: no Russell label)	full-archive sweep 2026-07-30
zh	-	可笑					EXCLUDE (out of circumplex scope: no Russell label)	full-archive sweep 2026-07-30
zh	-	吃醋					EXCLUDE (out of circumplex scope: no Russell label)	full-archive sweep 2026-07-30
zh	-	同情					EXCLUDE (out of circumplex scope: no Russell label)	full-archive sweep 2026-07-30
zh	-	后怕					EXCLUDE (out of circumplex scope: no Russell label)	full-archive sweep 2026-07-30
zh	-	后悔					EXCLUDE (out of circumplex scope: no Russell label)	full-archive sweep 2026-07-30
zh	-	后悔莫及					EXCLUDE (out of circumplex scope: no Russell label)	full-archive sweep 2026-07-30
zh	-	后背发凉					EXCLUDE (out of circumplex scope: no Russell label)	full-archive sweep 2026-07-30
zh	-	向往					EXCLUDE (out of circumplex scope: no Russell label)	full-archive sweep 2026-07-30
zh	-	吓一跳					EXCLUDE (out of circumplex scope: no Russell label)	full-archive sweep 2026-07-30
zh	-	吓傻					EXCLUDE (out of circumplex scope: no Russell label)	full-archive sweep 2026-07-30
zh	-	含羞					EXCLUDE (out of circumplex scope: no Russell label)	full-archive sweep 2026-07-30
zh	-	呆滞					EXCLUDE (out of circumplex scope: no Russell label)	full-archive sweep 2026-07-30
zh	-	咬牙切齿					EXCLUDE (out of circumplex scope: no Russell label)	full-archive sweep 2026-07-30
zh	-	咯噔					EXCLUDE (out of circumplex scope: no Russell label)	full-archive sweep 2026-07-30
zh	sad	哀伤	B	sorrowful/grieved (literary sad)			KEEP	full-archive sweep 2026-07-30; manual gloss check, no NRC-VAD gate
zh	-	哀愁					EXCLUDE (out of circumplex scope: no Russell label)	full-archive sweep 2026-07-30
zh	-	哀痛					EXCLUDE (out of circumplex scope: no Russell label)	full-archive sweep 2026-07-30
zh	-	哽咽					EXCLUDE (out of circumplex scope: no Russell label)	full-archive sweep 2026-07-30
zh	-	唏嘘					EXCLUDE (out of circumplex scope: no Russell label)	full-archive sweep 2026-07-30
zh	-	啼笑皆非					EXCLUDE (out of circumplex scope: no Russell label)	full-archive sweep 2026-07-30
zh	-	喘不过气					EXCLUDE (out of circumplex scope: no Russell label)	full-archive sweep 2026-07-30
zh	-	喜乐	B				EXCLUDE (strict synonymy rule: joy (religious register))	full-archive sweep 2026-07-30
zh	-	喜出望外					EXCLUDE (out of circumplex scope: no Russell label)	full-archive sweep 2026-07-30
zh	-	喜忧参半					EXCLUDE (out of circumplex scope: no Russell label)	full-archive sweep 2026-07-30
zh	-	喜极而泣					EXCLUDE (out of circumplex scope: no Russell label)	full-archive sweep 2026-07-30
zh	-	喜滋滋					EXCLUDE (out of circumplex scope: no Russell label)	full-archive sweep 2026-07-30
zh	-	喜笑颜开					EXCLUDE (out of circumplex scope: no Russell label)	full-archive sweep 2026-07-30
zh	-	困惑					EXCLUDE (out of circumplex scope: no Russell label)	full-archive sweep 2026-07-30
zh	-	困扰					EXCLUDE (out of circumplex scope: no Russell label)	full-archive sweep 2026-07-30
zh	-	坦然					EXCLUDE (out of circumplex scope: no Russell label)	full-archive sweep 2026-07-30
zh	-	堵得慌					EXCLUDE (out of circumplex scope: no Russell label)	full-archive sweep 2026-07-30
zh	-	堵心					EXCLUDE (out of circumplex scope: no Russell label)	full-archive sweep 2026-07-30
zh	-	大吃一惊					EXCLUDE (out of circumplex scope: no Russell label)	full-archive sweep 2026-07-30
zh	-	大惊					EXCLUDE (out of circumplex scope: no Russell label)	full-archive sweep 2026-07-30
zh	-	大惊失色					EXCLUDE (out of circumplex scope: no Russell label)	full-archive sweep 2026-07-30
zh	-	失态					EXCLUDE (out of circumplex scope: no Russell label)	full-archive sweep 2026-07-30
zh	-	失控					EXCLUDE (out of circumplex scope: no Russell label)	full-archive sweep 2026-07-30
zh	-	失望					EXCLUDE (out of circumplex scope: no Russell label)	full-archive sweep 2026-07-30
zh	-	失望至极					EXCLUDE (out of circumplex scope: no Russell label)	full-archive sweep 2026-07-30
zh	-	失望透顶					EXCLUDE (out of circumplex scope: no Russell label)	full-archive sweep 2026-07-30
zh	-	失神					EXCLUDE (out of circumplex scope: no Russell label)	full-archive sweep 2026-07-30
zh	-	失落	B				EXCLUDE (strict synonymy rule: let-down/loss feeling (disappointment blend))	full-archive sweep 2026-07-30
zh	-	失落感					EXCLUDE (out of circumplex scope: no Russell label)	full-archive sweep 2026-07-30
zh	-	头皮发麻					EXCLUDE (out of circumplex scope: no Russell label)	full-archive sweep 2026-07-30
zh	-	奇妙					EXCLUDE (out of circumplex scope: no Russell label)	full-archive sweep 2026-07-30
zh	-	好受					EXCLUDE (out of circumplex scope: no Russell label)	full-archive sweep 2026-07-30
zh	-	好奇					EXCLUDE (out of circumplex scope: no Russell label)	full-archive sweep 2026-07-30
zh	-	好害怕					EXCLUDE (out of circumplex scope: no Russell label)	full-archive sweep 2026-07-30
zh	-	好气					EXCLUDE (out of circumplex scope: no Russell label)	full-archive sweep 2026-07-30
zh	-	如释重负					EXCLUDE (out of circumplex scope: no Russell label)	full-archive sweep 2026-07-30
zh	-	妒忌					EXCLUDE (out of circumplex scope: no Russell label)	full-archive sweep 2026-07-30
zh	-	委屈	B				EXCLUDE (strict synonymy rule: aggrieved/wronged — no Russell label)	full-archive sweep 2026-07-30
zh	-	娇羞					EXCLUDE (out of circumplex scope: no Russell label)	full-archive sweep 2026-07-30
zh	-	嫉妒					EXCLUDE (out of circumplex scope: no Russell label)	full-archive sweep 2026-07-30
zh	-	嫌弃					EXCLUDE (out of circumplex scope: no Russell label)	full-archive sweep 2026-07-30
zh	-	孤单					EXCLUDE (out of circumplex scope: no Russell label)	full-archive sweep 2026-07-30
zh	-	孤寂					EXCLUDE (out of circumplex scope: no Russell label)	full-archive sweep 2026-07-30
zh	-	孤独					EXCLUDE (out of circumplex scope: no Russell label)	full-archive sweep 2026-07-30
zh	-	孤独寂寞					EXCLUDE (out of circumplex scope: no Russell label)	full-archive sweep 2026-07-30
zh	-	孤立					EXCLUDE (out of circumplex scope: no Russell label)	full-archive sweep 2026-07-30
zh	-	孤立无援					EXCLUDE (out of circumplex scope: no Russell label)	full-archive sweep 2026-07-30
zh	-	安全感					EXCLUDE (out of circumplex scope: no Russell label)	full-archive sweep 2026-07-30
zh	-	安定					EXCLUDE (out of circumplex scope: no Russell label)	full-archive sweep 2026-07-30
zh	-	安稳					EXCLUDE (out of circumplex scope: no Russell label)	full-archive sweep 2026-07-30
zh	-	安逸					EXCLUDE (out of circumplex scope: no Russell label)	full-archive sweep 2026-07-30
zh	-	定心					EXCLUDE (out of circumplex scope: no Russell label)	full-archive sweep 2026-07-30
zh	-	害羞					EXCLUDE (out of circumplex scope: no Russell label)	full-archive sweep 2026-07-30
zh	-	宽心					EXCLUDE (out of circumplex scope: no Russell label)	full-archive sweep 2026-07-30
zh	-	宽慰					EXCLUDE (out of circumplex scope: no Russell label)	full-archive sweep 2026-07-30
zh	-	寂寞					EXCLUDE (out of circumplex scope: no Russell label)	full-archive sweep 2026-07-30
zh	-	寒心					EXCLUDE (out of circumplex scope: no Russell label)	full-archive sweep 2026-07-30
zh	-	小激动					EXCLUDE (out of circumplex scope: no Russell label)	full-archive sweep 2026-07-30
zh	-	小紧张					EXCLUDE (out of circumplex scope: no Russell label)	full-archive sweep 2026-07-30
zh	-	尴尬					EXCLUDE (out of circumplex scope: no Russell label)	full-archive sweep 2026-07-30
zh	-	局促					EXCLUDE (out of circumplex scope: no Russell label)	full-archive sweep 2026-07-30
zh	-	屈辱					EXCLUDE (out of circumplex scope: no Russell label)	full-archive sweep 2026-07-30
zh	-	崩溃					EXCLUDE (out of circumplex scope: no Russell label)	full-archive sweep 2026-07-30
zh	-	左右为难					EXCLUDE (out of circumplex scope: no Russell label)	full-archive sweep 2026-07-30
zh	-	干着急					EXCLUDE (out of circumplex scope: no Russell label)	full-archive sweep 2026-07-30
zh	-	平和					EXCLUDE (out of circumplex scope: no Russell label)	full-archive sweep 2026-07-30
zh	-	平常心					EXCLUDE (out of circumplex scope: no Russell label)	full-archive sweep 2026-07-30
zh	-	平淡					EXCLUDE (out of circumplex scope: no Russell label)	full-archive sweep 2026-07-30
zh	-	幸灾乐祸					EXCLUDE (out of circumplex scope: no Russell label)	full-archive sweep 2026-07-30
zh	-	幸福感					EXCLUDE (out of circumplex scope: no Russell label)	full-archive sweep 2026-07-30
zh	-	幸福美满					EXCLUDE (out of circumplex scope: no Russell label)	full-archive sweep 2026-07-30
zh	-	幸运					EXCLUDE (out of circumplex scope: no Russell label)	full-archive sweep 2026-07-30
zh	-	庆幸					EXCLUDE (out of circumplex scope: no Russell label)	full-archive sweep 2026-07-30
zh	-	开心不已					EXCLUDE (out of circumplex scope: no Russell label)	full-archive sweep 2026-07-30
zh	-	开怀					EXCLUDE (out of circumplex scope: no Russell label)	full-archive sweep 2026-07-30
zh	-	归属感					EXCLUDE (out of circumplex scope: no Russell label)	full-archive sweep 2026-07-30
zh	-	彷徨					EXCLUDE (out of circumplex scope: no Russell label)	full-archive sweep 2026-07-30
zh	-	得意					EXCLUDE (out of circumplex scope: no Russell label)	full-archive sweep 2026-07-30
zh	-	得瑟					EXCLUDE (out of circumplex scope: no Russell label)	full-archive sweep 2026-07-30
zh	-	徬徨					EXCLUDE (out of circumplex scope: no Russell label)	full-archive sweep 2026-07-30
zh	-	心不在焉					EXCLUDE (out of circumplex scope: no Russell label)	full-archive sweep 2026-07-30
zh	-	心乱					EXCLUDE (out of circumplex scope: no Russell label)	full-archive sweep 2026-07-30
zh	-	心乱如麻					EXCLUDE (out of circumplex scope: no Russell label)	full-archive sweep 2026-07-30
zh	-	心冷					EXCLUDE (out of circumplex scope: no Russell label)	full-archive sweep 2026-07-30
zh	-	心凉					EXCLUDE (out of circumplex scope: no Russell label)	full-archive sweep 2026-07-30
zh	-	心切					EXCLUDE (out of circumplex scope: no Russell label)	full-archive sweep 2026-07-30
zh	-	心动					EXCLUDE (out of circumplex scope: no Russell label)	full-archive sweep 2026-07-30
zh	-	心寒					EXCLUDE (out of circumplex scope: no Russell label)	full-archive sweep 2026-07-30
zh	-	心平气和					EXCLUDE (out of circumplex scope: no Russell label)	full-archive sweep 2026-07-30
zh	-	心急					EXCLUDE (out of circumplex scope: no Russell label)	full-archive sweep 2026-07-30
zh	-	心悦					EXCLUDE (out of circumplex scope: no Russell label)	full-archive sweep 2026-07-30
zh	-	心情愉快					EXCLUDE (out of circumplex scope: no Russell label)	full-archive sweep 2026-07-30
zh	-	心情愉悦					EXCLUDE (out of circumplex scope: no Russell label)	full-archive sweep 2026-07-30
zh	-	心情舒畅					EXCLUDE (out of circumplex scope: no Russell label)	full-archive sweep 2026-07-30
zh	-	心惊					EXCLUDE (out of circumplex scope: no Russell label)	full-archive sweep 2026-07-30
zh	-	心惊肉跳					EXCLUDE (out of circumplex scope: no Russell label)	full-archive sweep 2026-07-30
zh	-	心惊胆战					EXCLUDE (out of circumplex scope: no Russell label)	full-archive sweep 2026-07-30
zh	-	心慌					EXCLUDE (out of circumplex scope: no Russell label)	full-archive sweep 2026-07-30
zh	-	心旷神怡					EXCLUDE (out of circumplex scope: no Russell label)	full-archive sweep 2026-07-30
zh	-	心有余悸					EXCLUDE (out of circumplex scope: no Russell label)	full-archive sweep 2026-07-30
zh	satisfied	心满意足	B	fully satisfied (idiom)			KEEP	full-archive sweep 2026-07-30; manual gloss check, no NRC-VAD gate
zh	-	心潮澎湃					EXCLUDE (out of circumplex scope: no Russell label)	full-archive sweep 2026-07-30
zh	-	心灰意冷					EXCLUDE (out of circumplex scope: no Russell label)	full-archive sweep 2026-07-30
zh	-	心烦	B				EXCLUDE (strict synonymy rule: vexed (annoyed/distressed blend))	full-archive sweep 2026-07-30
zh	-	心烦意乱					EXCLUDE (out of circumplex scope: no Russell label)	full-archive sweep 2026-07-30
zh	-	心焦					EXCLUDE (out of circumplex scope: no Russell label)	full-archive sweep 2026-07-30
zh	-	心猿意马					EXCLUDE (out of circumplex scope: no Russell label)	full-archive sweep 2026-07-30
zh	-	心理阴影					EXCLUDE (out of circumplex scope: no Russell label)	full-archive sweep 2026-07-30
zh	-	心甘情愿					EXCLUDE (out of circumplex scope: no Russell label)	full-archive sweep 2026-07-30
zh	-	心疼					EXCLUDE (out of circumplex scope: no Russell label)	full-archive sweep 2026-07-30
zh	-	心痒					EXCLUDE (out of circumplex scope: no Russell label)	full-archive sweep 2026-07-30
zh	-	心痒痒					EXCLUDE (out of circumplex scope: no Russell label)	full-archive sweep 2026-07-30
zh	-	心痛					EXCLUDE (out of circumplex scope: no Russell label)	full-archive sweep 2026-07-30
zh	-	心碎					EXCLUDE (out of circumplex scope: no Russell label)	full-archive sweep 2026-07-30
zh	-	心神不宁					EXCLUDE (out of circumplex scope: no Russell label)	full-archive sweep 2026-07-30
zh	-	心累	B				EXCLUDE (strict synonymy rule: emotional exhaustion with fed-up shade (tired/frustrated blend))	full-archive sweep 2026-07-30
zh	-	心结					EXCLUDE (out of circumplex scope: no Russell label)	full-archive sweep 2026-07-30
zh	delighted	心花怒放	B	elated, bursting with joy (idiom)			KEEP	full-archive sweep 2026-07-30; manual gloss check, no NRC-VAD gate
zh	-	心虚					EXCLUDE (out of circumplex scope: no Russell label)	full-archive sweep 2026-07-30
zh	-	心跳加速					EXCLUDE (out of circumplex scope: no Russell label)	full-archive sweep 2026-07-30
zh	-	心软					EXCLUDE (out of circumplex scope: no Russell label)	full-archive sweep 2026-07-30
zh	-	心酸					EXCLUDE (out of circumplex scope: no Russell label)	full-archive sweep 2026-07-30
zh	-	心里一惊					EXCLUDE (out of circumplex scope: no Russell label)	full-archive sweep 2026-07-30
zh	-	忌惮					EXCLUDE (out of circumplex scope: no Russell label)	full-archive sweep 2026-07-30
zh	-	忍俊不禁					EXCLUDE (out of circumplex scope: no Russell label)	full-archive sweep 2026-07-30
zh	-	忍无可忍					EXCLUDE (out of circumplex scope: no Russell label)	full-archive sweep 2026-07-30
zh	-	忏悔					EXCLUDE (out of circumplex scope: no Russell label)	full-archive sweep 2026-07-30
zh	-	忐忑	B				EXCLUDE (strict synonymy rule: uneasy anticipation, adjacent to but not tense)	full-archive sweep 2026-07-30
zh	-	忐忑不安					EXCLUDE (out of circumplex scope: no Russell label)	full-archive sweep 2026-07-30
zh	-	忧伤	B				EXCLUDE (strict synonymy rule: sad/gloomy blend)	full-archive sweep 2026-07-30
zh	-	忧心					EXCLUDE (out of circumplex scope: no Russell label)	full-archive sweep 2026-07-30
zh	-	忧心忡忡					EXCLUDE (out of circumplex scope: no Russell label)	full-archive sweep 2026-07-30
zh	-	忧愁					EXCLUDE (out of circumplex scope: no Russell label)	full-archive sweep 2026-07-30
zh	-	忧虑					EXCLUDE (out of circumplex scope: no Russell label)	full-archive sweep 2026-07-30
zh	-	快崩溃					EXCLUDE (out of circumplex scope: no Russell label)	full-archive sweep 2026-07-30
zh	-	快意					EXCLUDE (out of circumplex scope: no Russell label)	full-archive sweep 2026-07-30
zh	-	快感					EXCLUDE (out of circumplex scope: no Russell label)	full-archive sweep 2026-07-30
zh	happy	快活	B	"merry/jolly (cf. en anchor ""merry"")"			KEEP	full-archive sweep 2026-07-30; manual gloss check, no NRC-VAD gate
zh	-	怀念					EXCLUDE (out of circumplex scope: no Russell label)	full-archive sweep 2026-07-30
zh	-	怀旧					EXCLUDE (out of circumplex scope: no Russell label)	full-archive sweep 2026-07-30
zh	-	怅然					EXCLUDE (out of circumplex scope: no Russell label)	full-archive sweep 2026-07-30
zh	-	怒不可遏					EXCLUDE (out of circumplex scope: no Russell label)	full-archive sweep 2026-07-30
zh	angry	怒气	B	anger (noun form; cf. ro noun anchors frica/groaza)			KEEP	full-archive sweep 2026-07-30; manual gloss check, no NRC-VAD gate
zh	-	怒火	B				EXCLUDE (strict synonymy rule: fury (metaphorical-intensifier register))	full-archive sweep 2026-07-30
zh	-	怕失去					EXCLUDE (out of circumplex scope: no Russell label)	full-archive sweep 2026-07-30
zh	-	怕怕					EXCLUDE (out of circumplex scope: no Russell label)	full-archive sweep 2026-07-30
zh	-	怕生					EXCLUDE (out of circumplex scope: no Russell label)	full-archive sweep 2026-07-30
zh	-	怜悯					EXCLUDE (out of circumplex scope: no Russell label)	full-archive sweep 2026-07-30
zh	-	怜惜					EXCLUDE (out of circumplex scope: no Russell label)	full-archive sweep 2026-07-30
zh	-	思念					EXCLUDE (out of circumplex scope: no Russell label)	full-archive sweep 2026-07-30
zh	-	急切					EXCLUDE (out of circumplex scope: no Russell label)	full-archive sweep 2026-07-30
zh	-	急眼					EXCLUDE (out of circumplex scope: no Russell label)	full-archive sweep 2026-07-30
zh	-	急躁					EXCLUDE (out of circumplex scope: no Russell label)	full-archive sweep 2026-07-30
zh	-	怨恨					EXCLUDE (out of circumplex scope: no Russell label)	full-archive sweep 2026-07-30
zh	-	怨气					EXCLUDE (out of circumplex scope: no Russell label)	full-archive sweep 2026-07-30
zh	-	恍惚					EXCLUDE (out of circumplex scope: no Russell label)	full-archive sweep 2026-07-30
zh	-	恍然大悟					EXCLUDE (out of circumplex scope: no Russell label)	full-archive sweep 2026-07-30
zh	-	恶心					EXCLUDE (out of circumplex scope: no Russell label)	full-archive sweep 2026-07-30
zh	-	恼怒	B				EXCLUDE (strict synonymy rule: annoyed/angry blend)	full-archive sweep 2026-07-30
zh	-	恼羞成怒					EXCLUDE (out of circumplex scope: no Russell label)	full-archive sweep 2026-07-30
zh	-	悔恨					EXCLUDE (out of circumplex scope: no Russell label)	full-archive sweep 2026-07-30
zh	-	悲催	B				EXCLUDE (strict synonymy rule: miserable (jocular slang register))	full-archive sweep 2026-07-30
zh	-	悲凉					EXCLUDE (out of circumplex scope: no Russell label)	full-archive sweep 2026-07-30
zh	-	悲切					EXCLUDE (out of circumplex scope: no Russell label)	full-archive sweep 2026-07-30
zh	-	悲愤					EXCLUDE (out of circumplex scope: no Russell label)	full-archive sweep 2026-07-30
zh	-	悲痛					EXCLUDE (out of circumplex scope: no Russell label)	full-archive sweep 2026-07-30
zh	-	悲痛欲绝					EXCLUDE (out of circumplex scope: no Russell label)	full-archive sweep 2026-07-30
zh	-	悲观					EXCLUDE (out of circumplex scope: no Russell label)	full-archive sweep 2026-07-30
zh	-	悸动					EXCLUDE (out of circumplex scope: no Russell label)	full-archive sweep 2026-07-30
zh	-	情不自禁					EXCLUDE (out of circumplex scope: no Russell label)	full-archive sweep 2026-07-30
zh	-	情绪低落					EXCLUDE (out of circumplex scope: no Russell label)	full-archive sweep 2026-07-30
zh	-	情绪化					EXCLUDE (out of circumplex scope: no Russell label)	full-archive sweep 2026-07-30
zh	-	惆怅	B				EXCLUDE (strict synonymy rule: melancholy/wistful blend)	full-archive sweep 2026-07-30
zh	-	惊住					EXCLUDE (out of circumplex scope: no Russell label)	full-archive sweep 2026-07-30
zh	-	惊又怒					EXCLUDE (out of circumplex scope: no Russell label)	full-archive sweep 2026-07-30
zh	-	惊叹					EXCLUDE (out of circumplex scope: no Russell label)	full-archive sweep 2026-07-30
zh	-	惊吓					EXCLUDE (out of circumplex scope: no Russell label)	full-archive sweep 2026-07-30
zh	-	惊吓过度					EXCLUDE (out of circumplex scope: no Russell label)	full-archive sweep 2026-07-30
zh	-	惊呆					EXCLUDE (out of circumplex scope: no Russell label)	full-archive sweep 2026-07-30
zh	-	惊奇	B				EXCLUDE (strict synonymy rule: amazed with wonder/curiosity shade)	full-archive sweep 2026-07-30
zh	astonished	惊异	B	astonished (literary)			KEEP	full-archive sweep 2026-07-30; manual gloss check, no NRC-VAD gate
zh	-	惊心动魄					EXCLUDE (out of circumplex scope: no Russell label)	full-archive sweep 2026-07-30
zh	-	惊怒					EXCLUDE (out of circumplex scope: no Russell label)	full-archive sweep 2026-07-30
zh	-	惊恐万分					EXCLUDE (out of circumplex scope: no Russell label)	full-archive sweep 2026-07-30
zh	-	惊悚					EXCLUDE (out of circumplex scope: no Russell label)	full-archive sweep 2026-07-30
zh	alarmed	惊惶	B	panic-stricken (variant of anchor 惊慌)			KEEP	full-archive sweep 2026-07-30; manual gloss check, no NRC-VAD gate
zh	-	惊愕	B				EXCLUDE (strict synonymy rule: astonished+alarmed blend)	full-archive sweep 2026-07-30
zh	-	惊慌失措					EXCLUDE (out of circumplex scope: no Russell label)	full-archive sweep 2026-07-30
zh	-	惊疑					EXCLUDE (out of circumplex scope: no Russell label)	full-archive sweep 2026-07-30
zh	-	惊艳					EXCLUDE (out of circumplex scope: no Russell label)	full-archive sweep 2026-07-30
zh	astonished	惊诧	B	shocked-surprised (standard)			KEEP	full-archive sweep 2026-07-30; manual gloss check, no NRC-VAD gate
zh	-	惊骇					EXCLUDE (out of circumplex scope: no Russell label)	full-archive sweep 2026-07-30
zh	-	惊魂未定					EXCLUDE (out of circumplex scope: no Russell label)	full-archive sweep 2026-07-30
zh	-	惋惜					EXCLUDE (out of circumplex scope: no Russell label)	full-archive sweep 2026-07-30
zh	-	惬意	B				EXCLUDE (strict synonymy rule: cozy satisfaction (content/at ease blend))	full-archive sweep 2026-07-30
zh	-	惭愧					EXCLUDE (out of circumplex scope: no Russell label)	full-archive sweep 2026-07-30
zh	-	想不通					EXCLUDE (out of circumplex scope: no Russell label)	full-archive sweep 2026-07-30
zh	-	想哭					EXCLUDE (out of circumplex scope: no Russell label)	full-archive sweep 2026-07-30
zh	-	想家					EXCLUDE (out of circumplex scope: no Russell label)	full-archive sweep 2026-07-30
zh	-	想念					EXCLUDE (out of circumplex scope: no Russell label)	full-archive sweep 2026-07-30
zh	-	想笑					EXCLUDE (out of circumplex scope: no Russell label)	full-archive sweep 2026-07-30
zh	-	惴惴不安					EXCLUDE (out of circumplex scope: no Russell label)	full-archive sweep 2026-07-30
zh	-	惶恐					EXCLUDE (out of circumplex scope: no Russell label)	full-archive sweep 2026-07-30
zh	-	惶恐不安					EXCLUDE (out of circumplex scope: no Russell label)	full-archive sweep 2026-07-30
zh	-	愁眉苦脸					EXCLUDE (out of circumplex scope: no Russell label)	full-archive sweep 2026-07-30
zh	-	愁苦					EXCLUDE (out of circumplex scope: no Russell label)	full-archive sweep 2026-07-30
zh	-	意乱情迷					EXCLUDE (out of circumplex scope: no Russell label)	full-archive sweep 2026-07-30
zh	-	意兴阑珊					EXCLUDE (out of circumplex scope: no Russell label)	full-archive sweep 2026-07-30
zh	-	意外之喜					EXCLUDE (out of circumplex scope: no Russell label)	full-archive sweep 2026-07-30
zh	-	意犹未尽					EXCLUDE (out of circumplex scope: no Russell label)	full-archive sweep 2026-07-30
zh	astonished	愕然	B	taken aback/stunned (literary)			KEEP	full-archive sweep 2026-07-30; manual gloss check, no NRC-VAD gate
zh	-	感伤					EXCLUDE (out of circumplex scope: no Russell label)	full-archive sweep 2026-07-30
zh	-	感兴趣					EXCLUDE (out of circumplex scope: no Russell label)	full-archive sweep 2026-07-30
zh	-	感动					EXCLUDE (out of circumplex scope: no Russell label)	full-archive sweep 2026-07-30
zh	-	感恩					EXCLUDE (out of circumplex scope: no Russell label)	full-archive sweep 2026-07-30
zh	-	感恩戴德					EXCLUDE (out of circumplex scope: no Russell label)	full-archive sweep 2026-07-30
zh	-	感慨					EXCLUDE (out of circumplex scope: no Russell label)	full-archive sweep 2026-07-30
zh	-	感慨万千					EXCLUDE (out of circumplex scope: no Russell label)	full-archive sweep 2026-07-30
zh	-	感激					EXCLUDE (out of circumplex scope: no Russell label)	full-archive sweep 2026-07-30
zh	-	感触					EXCLUDE (out of circumplex scope: no Russell label)	full-archive sweep 2026-07-30
zh	-	愤世嫉俗					EXCLUDE (out of circumplex scope: no Russell label)	full-archive sweep 2026-07-30
zh	-	愤恨					EXCLUDE (out of circumplex scope: no Russell label)	full-archive sweep 2026-07-30
zh	-	愤愤					EXCLUDE (out of circumplex scope: no Russell label)	full-archive sweep 2026-07-30
zh	-	愤愤不平					EXCLUDE (out of circumplex scope: no Russell label)	full-archive sweep 2026-07-30
zh	angry	愤慨	B	indignant (cf. ro anchors indignat/revoltat)			KEEP	full-archive sweep 2026-07-30; manual gloss check, no NRC-VAD gate
zh	-	愤懑					EXCLUDE (out of circumplex scope: no Russell label)	full-archive sweep 2026-07-30
zh	-	愧疚					EXCLUDE (out of circumplex scope: no Russell label)	full-archive sweep 2026-07-30
zh	-	慌乱					EXCLUDE (out of circumplex scope: no Russell label)	full-archive sweep 2026-07-30
zh	-	慌神					EXCLUDE (out of circumplex scope: no Russell label)	full-archive sweep 2026-07-30
zh	-	憋屈					EXCLUDE (out of circumplex scope: no Russell label)	full-archive sweep 2026-07-30
zh	-	憎恨					EXCLUDE (out of circumplex scope: no Russell label)	full-archive sweep 2026-07-30
zh	-	憧憬					EXCLUDE (out of circumplex scope: no Russell label)	full-archive sweep 2026-07-30
zh	-	懊恼					EXCLUDE (out of circumplex scope: no Russell label)	full-archive sweep 2026-07-30
zh	-	懊悔					EXCLUDE (out of circumplex scope: no Russell label)	full-archive sweep 2026-07-30
zh	-	懵懂					EXCLUDE (out of circumplex scope: no Russell label)	full-archive sweep 2026-07-30
zh	-	成就感					EXCLUDE (out of circumplex scope: no Russell label)	full-archive sweep 2026-07-30
zh	-	战战兢兢					EXCLUDE (out of circumplex scope: no Russell label)	full-archive sweep 2026-07-30
zh	-	手足无措					EXCLUDE (out of circumplex scope: no Russell label)	full-archive sweep 2026-07-30
zh	-	扎心					EXCLUDE (out of circumplex scope: no Russell label)	full-archive sweep 2026-07-30
zh	-	打动					EXCLUDE (out of circumplex scope: no Russell label)	full-archive sweep 2026-07-30
zh	-	扫兴					EXCLUDE (out of circumplex scope: no Russell label)	full-archive sweep 2026-07-30
zh	-	抓狂					EXCLUDE (out of circumplex scope: no Russell label)	full-archive sweep 2026-07-30
zh	-	抗拒					EXCLUDE (out of circumplex scope: no Russell label)	full-archive sweep 2026-07-30
zh	-	抱歉					EXCLUDE (out of circumplex scope: no Russell label)	full-archive sweep 2026-07-30
zh	-	抵触					EXCLUDE (out of circumplex scope: no Russell label)	full-archive sweep 2026-07-30
zh	-	担心					EXCLUDE (out of circumplex scope: no Russell label)	full-archive sweep 2026-07-30
zh	-	担忧					EXCLUDE (out of circumplex scope: no Russell label)	full-archive sweep 2026-07-30
zh	-	拘谨					EXCLUDE (out of circumplex scope: no Russell label)	full-archive sweep 2026-07-30
zh	-	挂心					EXCLUDE (out of circumplex scope: no Russell label)	full-archive sweep 2026-07-30
zh	-	按捺不住					EXCLUDE (out of circumplex scope: no Russell label)	full-archive sweep 2026-07-30
zh	-	挣扎					EXCLUDE (out of circumplex scope: no Russell label)	full-archive sweep 2026-07-30
zh	frustrated	挫折感	B	feeling of frustration (parallel to anchor 挫败感)			KEEP	full-archive sweep 2026-07-30; manual gloss check, no NRC-VAD gate
zh	-	振作					EXCLUDE (out of circumplex scope: no Russell label)	full-archive sweep 2026-07-30
zh	-	振奋					EXCLUDE (out of circumplex scope: no Russell label)	full-archive sweep 2026-07-30
zh	-	排斥					EXCLUDE (out of circumplex scope: no Russell label)	full-archive sweep 2026-07-30
zh	-	接受不了					EXCLUDE (out of circumplex scope: no Russell label)	full-archive sweep 2026-07-30
zh	-	提心吊胆					EXCLUDE (out of circumplex scope: no Russell label)	full-archive sweep 2026-07-30
zh	-	揪心					EXCLUDE (out of circumplex scope: no Russell label)	full-archive sweep 2026-07-30
zh	-	操心					EXCLUDE (out of circumplex scope: no Russell label)	full-archive sweep 2026-07-30
zh	-	放不下					EXCLUDE (out of circumplex scope: no Russell label)	full-archive sweep 2026-07-30
zh	-	放心					EXCLUDE (out of circumplex scope: no Russell label)	full-archive sweep 2026-07-30
zh	-	放心不下					EXCLUDE (out of circumplex scope: no Russell label)	full-archive sweep 2026-07-30
zh	-	敬畏					EXCLUDE (out of circumplex scope: no Russell label)	full-archive sweep 2026-07-30
zh	-	新奇					EXCLUDE (out of circumplex scope: no Russell label)	full-archive sweep 2026-07-30
zh	-	无力					EXCLUDE (out of circumplex scope: no Russell label)	full-archive sweep 2026-07-30
zh	-	无力感					EXCLUDE (out of circumplex scope: no Russell label)	full-archive sweep 2026-07-30
zh	-	无助					EXCLUDE (out of circumplex scope: no Russell label)	full-archive sweep 2026-07-30
zh	-	无可奈何					EXCLUDE (out of circumplex scope: no Russell label)	full-archive sweep 2026-07-30
zh	-	无忧无虑					EXCLUDE (out of circumplex scope: no Russell label)	full-archive sweep 2026-07-30
zh	-	无怨无悔					EXCLUDE (out of circumplex scope: no Russell label)	full-archive sweep 2026-07-30
zh	-	无感					EXCLUDE (out of circumplex scope: no Russell label)	full-archive sweep 2026-07-30
zh	-	无所适从					EXCLUDE (out of circumplex scope: no Russell label)	full-archive sweep 2026-07-30
zh	-	无法自拔					EXCLUDE (out of circumplex scope: no Russell label)	full-archive sweep 2026-07-30
zh	-	无语					EXCLUDE (out of circumplex scope: no Russell label)	full-archive sweep 2026-07-30
zh	-	无趣					EXCLUDE (out of circumplex scope: no Russell label)	full-archive sweep 2026-07-30
zh	-	晴天霹雳					EXCLUDE (out of circumplex scope: no Russell label)	full-archive sweep 2026-07-30
zh	-	暖心					EXCLUDE (out of circumplex scope: no Russell label)	full-archive sweep 2026-07-30
zh	-	暖意					EXCLUDE (out of circumplex scope: no Russell label)	full-archive sweep 2026-07-30
zh	-	暗喜					EXCLUDE (out of circumplex scope: no Russell label)	full-archive sweep 2026-07-30
zh	-	暗惊					EXCLUDE (out of circumplex scope: no Russell label)	full-archive sweep 2026-07-30
zh	-	暗爽					EXCLUDE (out of circumplex scope: no Russell label)	full-archive sweep 2026-07-30
zh	-	暴躁					EXCLUDE (out of circumplex scope: no Russell label)	full-archive sweep 2026-07-30
zh	-	有信心					EXCLUDE (out of circumplex scope: no Russell label)	full-archive sweep 2026-07-30
zh	-	有兴趣					EXCLUDE (out of circumplex scope: no Russell label)	full-archive sweep 2026-07-30
zh	-	有同感					EXCLUDE (out of circumplex scope: no Russell label)	full-archive sweep 2026-07-30
zh	-	有感触					EXCLUDE (out of circumplex scope: no Russell label)	full-archive sweep 2026-07-30
zh	-	有愧					EXCLUDE (out of circumplex scope: no Russell label)	full-archive sweep 2026-07-30
zh	-	有成就感					EXCLUDE (out of circumplex scope: no Russell label)	full-archive sweep 2026-07-30
zh	-	有激情					EXCLUDE (out of circumplex scope: no Russell label)	full-archive sweep 2026-07-30
zh	-	有点失望					EXCLUDE (out of circumplex scope: no Russell label)	full-archive sweep 2026-07-30
zh	-	有爱					EXCLUDE (out of circumplex scope: no Russell label)	full-archive sweep 2026-07-30
zh	-	期待					EXCLUDE (out of circumplex scope: no Russell label)	full-archive sweep 2026-07-30
zh	-	期望					EXCLUDE (out of circumplex scope: no Russell label)	full-archive sweep 2026-07-30
zh	-	来气					EXCLUDE (out of circumplex scope: no Russell label)	full-archive sweep 2026-07-30
zh	-	松了一口气					EXCLUDE (out of circumplex scope: no Russell label)	full-archive sweep 2026-07-30
zh	-	松了口气					EXCLUDE (out of circumplex scope: no Russell label)	full-archive sweep 2026-07-30
zh	-	枯燥					EXCLUDE (out of circumplex scope: no Russell label)	full-archive sweep 2026-07-30
zh	-	柔情					EXCLUDE (out of circumplex scope: no Russell label)	full-archive sweep 2026-07-30
zh	-	梦幻					EXCLUDE (out of circumplex scope: no Russell label)	full-archive sweep 2026-07-30
zh	-	欢乐	B				EXCLUDE (strict synonymy rule: joyous (festive/collective atmosphere polysemy))	full-archive sweep 2026-07-30
zh	happy	欢喜	B	joy/gladness (classical register)			KEEP	full-archive sweep 2026-07-30; manual gloss check, no NRC-VAD gate
zh	delighted	欣喜若狂	B	ecstatic, overjoyed (idiom; cf. anchor 狂喜)			KEEP	full-archive sweep 2026-07-30; manual gloss check, no NRC-VAD gate
zh	-	欣慰	B				EXCLUDE (strict synonymy rule: gratified-relieved blend)	full-archive sweep 2026-07-30
zh	-	欲哭无泪					EXCLUDE (out of circumplex scope: no Russell label)	full-archive sweep 2026-07-30
zh	-	歉意					EXCLUDE (out of circumplex scope: no Russell label)	full-archive sweep 2026-07-30
zh	-	歉疚					EXCLUDE (out of circumplex scope: no Russell label)	full-archive sweep 2026-07-30
zh	-	死心					EXCLUDE (out of circumplex scope: no Russell label)	full-archive sweep 2026-07-30
zh	-	毛毛					EXCLUDE (out of circumplex scope: no Russell label)	full-archive sweep 2026-07-30
zh	-	毛骨悚然					EXCLUDE (out of circumplex scope: no Russell label)	full-archive sweep 2026-07-30
zh	-	毫无波澜					EXCLUDE (out of circumplex scope: no Russell label)	full-archive sweep 2026-07-30
zh	-	气急败坏					EXCLUDE (out of circumplex scope: no Russell label)	full-archive sweep 2026-07-30
zh	annoyed	气恼	B	annoyed/irked (cf. anchor 恼火)			KEEP	full-archive sweep 2026-07-30; manual gloss check, no NRC-VAD gate
zh	-	气闷					EXCLUDE (out of circumplex scope: no Russell label)	full-archive sweep 2026-07-30
zh	-	气馁					EXCLUDE (out of circumplex scope: no Russell label)	full-archive sweep 2026-07-30
zh	-	汗颜					EXCLUDE (out of circumplex scope: no Russell label)	full-archive sweep 2026-07-30
zh	-	沉痛					EXCLUDE (out of circumplex scope: no Russell label)	full-archive sweep 2026-07-30
zh	-	沉醉					EXCLUDE (out of circumplex scope: no Russell label)	full-archive sweep 2026-07-30
zh	-	沉重					EXCLUDE (out of circumplex scope: no Russell label)	full-archive sweep 2026-07-30
zh	-	沉闷					EXCLUDE (out of circumplex scope: no Russell label)	full-archive sweep 2026-07-30
zh	-	沉静					EXCLUDE (out of circumplex scope: no Russell label)	full-archive sweep 2026-07-30
zh	-	没劲					EXCLUDE (out of circumplex scope: no Russell label)	full-archive sweep 2026-07-30
zh	-	没安全感					EXCLUDE (out of circumplex scope: no Russell label)	full-archive sweep 2026-07-30
zh	-	没底					EXCLUDE (out of circumplex scope: no Russell label)	full-archive sweep 2026-07-30
zh	-	没意思					EXCLUDE (out of circumplex scope: no Russell label)	full-archive sweep 2026-07-30
zh	-	没有安全感					EXCLUDE (out of circumplex scope: no Russell label)	full-archive sweep 2026-07-30
zh	-	没自信					EXCLUDE (out of circumplex scope: no Russell label)	full-archive sweep 2026-07-30
zh	-	没面子					EXCLUDE (out of circumplex scope: no Russell label)	full-archive sweep 2026-07-30
zh	-	治愈					EXCLUDE (out of circumplex scope: no Russell label)	full-archive sweep 2026-07-30
zh	-	沾沾自喜					EXCLUDE (out of circumplex scope: no Russell label)	full-archive sweep 2026-07-30
zh	-	泄气					EXCLUDE (out of circumplex scope: no Russell label)	full-archive sweep 2026-07-30
zh	-	法喜					EXCLUDE (out of circumplex scope: no Russell label)	full-archive sweep 2026-07-30
zh	-	波澜					EXCLUDE (out of circumplex scope: no Russell label)	full-archive sweep 2026-07-30
zh	-	洒脱					EXCLUDE (out of circumplex scope: no Russell label)	full-archive sweep 2026-07-30
zh	-	浮躁					EXCLUDE (out of circumplex scope: no Russell label)	full-archive sweep 2026-07-30
zh	-	淡然					EXCLUDE (out of circumplex scope: no Russell label)	full-archive sweep 2026-07-30
zh	-	深仇大恨					EXCLUDE (out of circumplex scope: no Russell label)	full-archive sweep 2026-07-30
zh	-	深受鼓舞					EXCLUDE (out of circumplex scope: no Russell label)	full-archive sweep 2026-07-30
zh	-	混乱					EXCLUDE (out of circumplex scope: no Russell label)	full-archive sweep 2026-07-30
zh	-	温暖					EXCLUDE (out of circumplex scope: no Russell label)	full-archive sweep 2026-07-30
zh	-	温馨					EXCLUDE (out of circumplex scope: no Russell label)	full-archive sweep 2026-07-30
zh	-	渴望					EXCLUDE (out of circumplex scope: no Russell label)	full-archive sweep 2026-07-30
zh	-	渺小					EXCLUDE (out of circumplex scope: no Russell label)	full-archive sweep 2026-07-30
zh	-	澎湃					EXCLUDE (out of circumplex scope: no Russell label)	full-archive sweep 2026-07-30
zh	-	激动万分					EXCLUDE (out of circumplex scope: no Russell label)	full-archive sweep 2026-07-30
zh	-	激动不已					EXCLUDE (out of circumplex scope: no Russell label)	full-archive sweep 2026-07-30
zh	-	激情					EXCLUDE (out of circumplex scope: no Russell label)	full-archive sweep 2026-07-30
zh	-	火大	B				EXCLUDE (strict synonymy rule: very angry (slang register))	full-archive sweep 2026-07-30
zh	-	灰心					EXCLUDE (out of circumplex scope: no Russell label)	full-archive sweep 2026-07-30
zh	-	烦心					EXCLUDE (out of circumplex scope: no Russell label)	full-archive sweep 2026-07-30
zh	-	烦恼	B				EXCLUDE (strict synonymy rule: vexed/worried blend)	full-archive sweep 2026-07-30
zh	-	烦躁不安					EXCLUDE (out of circumplex scope: no Russell label)	full-archive sweep 2026-07-30
zh	-	烦闷					EXCLUDE (out of circumplex scope: no Russell label)	full-archive sweep 2026-07-30
zh	-	热情					EXCLUDE (out of circumplex scope: no Russell label)	full-archive sweep 2026-07-30
zh	-	热爱					EXCLUDE (out of circumplex scope: no Russell label)	full-archive sweep 2026-07-30
zh	-	热血					EXCLUDE (out of circumplex scope: no Russell label)	full-archive sweep 2026-07-30
zh	-	热血沸腾					EXCLUDE (out of circumplex scope: no Russell label)	full-archive sweep 2026-07-30
zh	-	焦头烂额					EXCLUDE (out of circumplex scope: no Russell label)	full-archive sweep 2026-07-30
zh	-	焦急					EXCLUDE (out of circumplex scope: no Russell label)	full-archive sweep 2026-07-30
zh	-	焦虑	B				EXCLUDE (strict synonymy rule: anxiety != tense (consistent with ro anxietate, fa اضطراب))	full-archive sweep 2026-07-30
zh	-	焦虑不安					EXCLUDE (out of circumplex scope: no Russell label)	full-archive sweep 2026-07-30
zh	-	焦躁					EXCLUDE (out of circumplex scope: no Russell label)	full-archive sweep 2026-07-30
zh	-	焦躁不安					EXCLUDE (out of circumplex scope: no Russell label)	full-archive sweep 2026-07-30
zh	-	煎熬	B				EXCLUDE (strict synonymy rule: torment metaphor (ongoing-suffering))	full-archive sweep 2026-07-30
zh	-	爽快					EXCLUDE (out of circumplex scope: no Russell label)	full-archive sweep 2026-07-30
zh	-	牵挂					EXCLUDE (out of circumplex scope: no Russell label)	full-archive sweep 2026-07-30
zh	-	犯愁					EXCLUDE (out of circumplex scope: no Russell label)	full-archive sweep 2026-07-30
zh	-	犹疑					EXCLUDE (out of circumplex scope: no Russell label)	full-archive sweep 2026-07-30
zh	-	犹豫					EXCLUDE (out of circumplex scope: no Russell label)	full-archive sweep 2026-07-30
zh	-	狂热					EXCLUDE (out of circumplex scope: no Russell label)	full-archive sweep 2026-07-30
zh	-	狂躁					EXCLUDE (out of circumplex scope: no Russell label)	full-archive sweep 2026-07-30
zh	-	狐疑					EXCLUDE (out of circumplex scope: no Russell label)	full-archive sweep 2026-07-30
zh	-	甘愿					EXCLUDE (out of circumplex scope: no Russell label)	full-archive sweep 2026-07-30
zh	-	甜滋滋					EXCLUDE (out of circumplex scope: no Russell label)	full-archive sweep 2026-07-30
zh	-	甜甜					EXCLUDE (out of circumplex scope: no Russell label)	full-archive sweep 2026-07-30
zh	-	甜蜜					EXCLUDE (out of circumplex scope: no Russell label)	full-archive sweep 2026-07-30
zh	-	畅快					EXCLUDE (out of circumplex scope: no Russell label)	full-archive sweep 2026-07-30
zh	-	疏离					EXCLUDE (out of circumplex scope: no Russell label)	full-archive sweep 2026-07-30
zh	-	疏远					EXCLUDE (out of circumplex scope: no Russell label)	full-archive sweep 2026-07-30
zh	-	疑惑					EXCLUDE (out of circumplex scope: no Russell label)	full-archive sweep 2026-07-30
zh	-	疑虑					EXCLUDE (out of circumplex scope: no Russell label)	full-archive sweep 2026-07-30
zh	-	疯狂					EXCLUDE (out of circumplex scope: no Russell label)	full-archive sweep 2026-07-30
zh	tired	疲惫不堪	B	utterly exhausted (intensified form of anchor 疲惫)			KEEP	full-archive sweep 2026-07-30; manual gloss check, no NRC-VAD gate
zh	-	痛不欲生					EXCLUDE (out of circumplex scope: no Russell label)	full-archive sweep 2026-07-30
zh	-	痛哭					EXCLUDE (out of circumplex scope: no Russell label)	full-archive sweep 2026-07-30
zh	-	痛心					EXCLUDE (out of circumplex scope: no Russell label)	full-archive sweep 2026-07-30
zh	-	痛心疾首					EXCLUDE (out of circumplex scope: no Russell label)	full-archive sweep 2026-07-30
zh	-	痛快					EXCLUDE (out of circumplex scope: no Russell label)	full-archive sweep 2026-07-30
zh	-	痛恨					EXCLUDE (out of circumplex scope: no Russell label)	full-archive sweep 2026-07-30
zh	-	痛楚					EXCLUDE (out of circumplex scope: no Russell label)	full-archive sweep 2026-07-30
zh	-	瘆得慌					EXCLUDE (out of circumplex scope: no Russell label)	full-archive sweep 2026-07-30
zh	-	百感交集					EXCLUDE (out of circumplex scope: no Russell label)	full-archive sweep 2026-07-30
zh	-	目瞪口呆					EXCLUDE (out of circumplex scope: no Russell label)	full-archive sweep 2026-07-30
zh	-	盼望					EXCLUDE (out of circumplex scope: no Russell label)	full-archive sweep 2026-07-30
zh	-	省心					EXCLUDE (out of circumplex scope: no Russell label)	full-archive sweep 2026-07-30
zh	-	眼馋					EXCLUDE (out of circumplex scope: no Russell label)	full-archive sweep 2026-07-30
zh	-	着急					EXCLUDE (out of circumplex scope: no Russell label)	full-archive sweep 2026-07-30
zh	-	着迷					EXCLUDE (out of circumplex scope: no Russell label)	full-archive sweep 2026-07-30
zh	-	矛盾					EXCLUDE (out of circumplex scope: no Russell label)	full-archive sweep 2026-07-30
zh	-	神往					EXCLUDE (out of circumplex scope: no Russell label)	full-archive sweep 2026-07-30
zh	-	神清气爽					EXCLUDE (out of circumplex scope: no Russell label)	full-archive sweep 2026-07-30
zh	-	积极向上					EXCLUDE (out of circumplex scope: no Russell label)	full-archive sweep 2026-07-30
zh	-	稀罕					EXCLUDE (out of circumplex scope: no Russell label)	full-archive sweep 2026-07-30
zh	-	空洞					EXCLUDE (out of circumplex scope: no Russell label)	full-archive sweep 2026-07-30
zh	-	空落落					EXCLUDE (out of circumplex scope: no Russell label)	full-archive sweep 2026-07-30
zh	-	空虚					EXCLUDE (out of circumplex scope: no Russell label)	full-archive sweep 2026-07-30
zh	-	窃喜					EXCLUDE (out of circumplex scope: no Russell label)	full-archive sweep 2026-07-30
zh	-	窘迫					EXCLUDE (out of circumplex scope: no Russell label)	full-archive sweep 2026-07-30
zh	-	窝囊					EXCLUDE (out of circumplex scope: no Russell label)	full-archive sweep 2026-07-30
zh	-	窝心	B				EXCLUDE (strict synonymy rule: antonymous across regions (touched vs aggrieved))	full-archive sweep 2026-07-30
zh	-	窝火	B				EXCLUDE (strict synonymy rule: suppressed-anger blend (colloquial))	full-archive sweep 2026-07-30
zh	-	笃定					EXCLUDE (out of circumplex scope: no Russell label)	full-archive sweep 2026-07-30
zh	-	糟心					EXCLUDE (out of circumplex scope: no Russell label)	full-archive sweep 2026-07-30
zh	-	紧张不安					EXCLUDE (out of circumplex scope: no Russell label)	full-archive sweep 2026-07-30
zh	-	紧绷	B				EXCLUDE (strict synonymy rule: taut (somatic metaphor))	full-archive sweep 2026-07-30
zh	-	紧迫					EXCLUDE (out of circumplex scope: no Russell label)	full-archive sweep 2026-07-30
zh	-	纠结					EXCLUDE (out of circumplex scope: no Russell label)	full-archive sweep 2026-07-30
zh	-	细思极恐					EXCLUDE (out of circumplex scope: no Russell label)	full-archive sweep 2026-07-30
zh	-	绝望					EXCLUDE (out of circumplex scope: no Russell label)	full-archive sweep 2026-07-30
zh	-	缺乏安全感					EXCLUDE (out of circumplex scope: no Russell label)	full-archive sweep 2026-07-30
zh	-	罪恶感					EXCLUDE (out of circumplex scope: no Russell label)	full-archive sweep 2026-07-30
zh	-	美妙					EXCLUDE (out of circumplex scope: no Russell label)	full-archive sweep 2026-07-30
zh	-	美滋滋					EXCLUDE (out of circumplex scope: no Russell label)	full-archive sweep 2026-07-30
zh	-	美满					EXCLUDE (out of circumplex scope: no Russell label)	full-archive sweep 2026-07-30
zh	-	羞怯					EXCLUDE (out of circumplex scope: no Russell label)	full-archive sweep 2026-07-30
zh	-	羞恼					EXCLUDE (out of circumplex scope: no Russell label)	full-archive sweep 2026-07-30
zh	-	羞愤					EXCLUDE (out of circumplex scope: no Russell label)	full-archive sweep 2026-07-30
zh	-	羞愧					EXCLUDE (out of circumplex scope: no Russell label)	full-archive sweep 2026-07-30
zh	-	羞愧难当					EXCLUDE (out of circumplex scope: no Russell label)	full-archive sweep 2026-07-30
zh	-	羞涩					EXCLUDE (out of circumplex scope: no Russell label)	full-archive sweep 2026-07-30
zh	-	羞耻					EXCLUDE (out of circumplex scope: no Russell label)	full-archive sweep 2026-07-30
zh	-	羞赧					EXCLUDE (out of circumplex scope: no Russell label)	full-archive sweep 2026-07-30
zh	-	羞辱					EXCLUDE (out of circumplex scope: no Russell label)	full-archive sweep 2026-07-30
zh	-	羡慕					EXCLUDE (out of circumplex scope: no Russell label)	full-archive sweep 2026-07-30
zh	-	翻江倒海					EXCLUDE (out of circumplex scope: no Russell label)	full-archive sweep 2026-07-30
zh	-	耻辱					EXCLUDE (out of circumplex scope: no Russell label)	full-archive sweep 2026-07-30
zh	-	肉疼					EXCLUDE (out of circumplex scope: no Russell label)	full-archive sweep 2026-07-30
zh	-	胆寒					EXCLUDE (out of circumplex scope: no Russell label)	full-archive sweep 2026-07-30
zh	-	胆怯	B				EXCLUDE (strict synonymy rule: timidity (trait, not fear state))	full-archive sweep 2026-07-30
zh	-	胆战心惊					EXCLUDE (out of circumplex scope: no Russell label)	full-archive sweep 2026-07-30
zh	-	脆弱					EXCLUDE (out of circumplex scope: no Russell label)	full-archive sweep 2026-07-30
zh	-	腼腆					EXCLUDE (out of circumplex scope: no Russell label)	full-archive sweep 2026-07-30
zh	-	膈应					EXCLUDE (out of circumplex scope: no Russell label)	full-archive sweep 2026-07-30
zh	-	膨胀					EXCLUDE (out of circumplex scope: no Russell label)	full-archive sweep 2026-07-30
zh	-	自作多情					EXCLUDE (out of circumplex scope: no Russell label)	full-archive sweep 2026-07-30
zh	-	自信					EXCLUDE (out of circumplex scope: no Russell label)	full-archive sweep 2026-07-30
zh	-	自卑					EXCLUDE (out of circumplex scope: no Russell label)	full-archive sweep 2026-07-30
zh	-	自怜					EXCLUDE (out of circumplex scope: no Russell label)	full-archive sweep 2026-07-30
zh	-	自愧不如					EXCLUDE (out of circumplex scope: no Russell label)	full-archive sweep 2026-07-30
zh	-	自满					EXCLUDE (out of circumplex scope: no Russell label)	full-archive sweep 2026-07-30
zh	-	自由自在					EXCLUDE (out of circumplex scope: no Russell label)	full-archive sweep 2026-07-30
zh	-	自豪					EXCLUDE (out of circumplex scope: no Russell label)	full-archive sweep 2026-07-30
zh	-	自责					EXCLUDE (out of circumplex scope: no Russell label)	full-archive sweep 2026-07-30
zh	-	舒坦					EXCLUDE (out of circumplex scope: no Russell label)	full-archive sweep 2026-07-30
zh	-	舒心					EXCLUDE (out of circumplex scope: no Russell label)	full-archive sweep 2026-07-30
zh	-	舒畅					EXCLUDE (out of circumplex scope: no Russell label)	full-archive sweep 2026-07-30
zh	-	舒适					EXCLUDE (out of circumplex scope: no Russell label)	full-archive sweep 2026-07-30
zh	-	苦不堪言	B				EXCLUDE (strict synonymy rule: miserable-beyond-words but situation-vs-state polysemy (cf. 悲惨))	full-archive sweep 2026-07-30
zh	-	苦楚					EXCLUDE (out of circumplex scope: no Russell label)	full-archive sweep 2026-07-30
zh	-	苦涩					EXCLUDE (out of circumplex scope: no Russell label)	full-archive sweep 2026-07-30
zh	-	苦痛					EXCLUDE (out of circumplex scope: no Russell label)	full-archive sweep 2026-07-30
zh	-	苦闷					EXCLUDE (out of circumplex scope: no Russell label)	full-archive sweep 2026-07-30
zh	-	茫然					EXCLUDE (out of circumplex scope: no Russell label)	full-archive sweep 2026-07-30
zh	-	茫然无措					EXCLUDE (out of circumplex scope: no Russell label)	full-archive sweep 2026-07-30
zh	-	荒唐					EXCLUDE (out of circumplex scope: no Russell label)	full-archive sweep 2026-07-30
zh	-	荣幸					EXCLUDE (out of circumplex scope: no Russell label)	full-archive sweep 2026-07-30
zh	-	莫名其妙					EXCLUDE (out of circumplex scope: no Russell label)	full-archive sweep 2026-07-30
zh	-	落寞					EXCLUDE (out of circumplex scope: no Russell label)	full-archive sweep 2026-07-30
zh	-	落差					EXCLUDE (out of circumplex scope: no Russell label)	full-archive sweep 2026-07-30
zh	-	著急					EXCLUDE (out of circumplex scope: no Russell label)	full-archive sweep 2026-07-30
zh	-	蒙福					EXCLUDE (out of circumplex scope: no Russell label)	full-archive sweep 2026-07-30
zh	-	蒙羞					EXCLUDE (out of circumplex scope: no Russell label)	full-archive sweep 2026-07-30
zh	-	解恨					EXCLUDE (out of circumplex scope: no Russell label)	full-archive sweep 2026-07-30
zh	-	解气					EXCLUDE (out of circumplex scope: no Russell label)	full-archive sweep 2026-07-30
zh	-	触动					EXCLUDE (out of circumplex scope: no Russell label)	full-archive sweep 2026-07-30
zh	-	警觉					EXCLUDE (out of circumplex scope: no Russell label)	full-archive sweep 2026-07-30
zh	-	讨厌					EXCLUDE (out of circumplex scope: no Russell label)	full-archive sweep 2026-07-30
zh	-	记仇					EXCLUDE (out of circumplex scope: no Russell label)	full-archive sweep 2026-07-30
zh	-	记恨					EXCLUDE (out of circumplex scope: no Russell label)	full-archive sweep 2026-07-30
zh	astonished	讶异	B	surprised (variant of anchor 诧异)			KEEP	full-archive sweep 2026-07-30; manual gloss check, no NRC-VAD gate
zh	-	诚惶诚恐					EXCLUDE (out of circumplex scope: no Russell label)	full-archive sweep 2026-07-30
zh	-	谦卑					EXCLUDE (out of circumplex scope: no Russell label)	full-archive sweep 2026-07-30
zh	-	豁然开朗					EXCLUDE (out of circumplex scope: no Russell label)	full-archive sweep 2026-07-30
zh	-	豁达					EXCLUDE (out of circumplex scope: no Russell label)	full-archive sweep 2026-07-30
zh	-	负罪感					EXCLUDE (out of circumplex scope: no Russell label)	full-archive sweep 2026-07-30
zh	-	贪生怕死					EXCLUDE (out of circumplex scope: no Russell label)	full-archive sweep 2026-07-30
zh	-	赏心悦目					EXCLUDE (out of circumplex scope: no Russell label)	full-archive sweep 2026-07-30
zh	-	赞叹					EXCLUDE (out of circumplex scope: no Russell label)	full-archive sweep 2026-07-30
zh	-	躁动					EXCLUDE (out of circumplex scope: no Russell label)	full-archive sweep 2026-07-30
zh	-	躁郁					EXCLUDE (out of circumplex scope: no Russell label)	full-archive sweep 2026-07-30
zh	-	身不由己					EXCLUDE (out of circumplex scope: no Russell label)	full-archive sweep 2026-07-30
zh	-	轻快					EXCLUDE (out of circumplex scope: no Russell label)	full-archive sweep 2026-07-30
zh	-	轻松快乐					EXCLUDE (out of circumplex scope: no Russell label)	full-archive sweep 2026-07-30
zh	-	轻松愉快					EXCLUDE (out of circumplex scope: no Russell label)	full-archive sweep 2026-07-30
zh	-	轻松愉悦					EXCLUDE (out of circumplex scope: no Russell label)	full-archive sweep 2026-07-30
zh	-	轻松自在					EXCLUDE (out of circumplex scope: no Russell label)	full-archive sweep 2026-07-30
zh	-	辛苦					EXCLUDE (out of circumplex scope: no Russell label)	full-archive sweep 2026-07-30
zh	-	辛酸					EXCLUDE (out of circumplex scope: no Russell label)	full-archive sweep 2026-07-30
zh	-	过瘾					EXCLUDE (out of circumplex scope: no Russell label)	full-archive sweep 2026-07-30
zh	-	迫不及待					EXCLUDE (out of circumplex scope: no Russell label)	full-archive sweep 2026-07-30
zh	-	迫切					EXCLUDE (out of circumplex scope: no Russell label)	full-archive sweep 2026-07-30
zh	-	迷失					EXCLUDE (out of circumplex scope: no Russell label)	full-archive sweep 2026-07-30
zh	-	迷恋					EXCLUDE (out of circumplex scope: no Russell label)	full-archive sweep 2026-07-30
zh	-	迷惑					EXCLUDE (out of circumplex scope: no Russell label)	full-archive sweep 2026-07-30
zh	-	迷惘					EXCLUDE (out of circumplex scope: no Russell label)	full-archive sweep 2026-07-30
zh	-	迷茫					EXCLUDE (out of circumplex scope: no Russell label)	full-archive sweep 2026-07-30
zh	-	逃避					EXCLUDE (out of circumplex scope: no Russell label)	full-archive sweep 2026-07-30
zh	-	遗憾					EXCLUDE (out of circumplex scope: no Russell label)	full-archive sweep 2026-07-30
zh	-	鄙夷					EXCLUDE (out of circumplex scope: no Russell label)	full-archive sweep 2026-07-30
zh	-	鄙视					EXCLUDE (out of circumplex scope: no Russell label)	full-archive sweep 2026-07-30
zh	-	酸楚					EXCLUDE (out of circumplex scope: no Russell label)	full-archive sweep 2026-07-30
zh	-	酸涩					EXCLUDE (out of circumplex scope: no Russell label)	full-archive sweep 2026-07-30
zh	-	酸酸					EXCLUDE (out of circumplex scope: no Russell label)	full-archive sweep 2026-07-30
zh	-	释怀					EXCLUDE (out of circumplex scope: no Russell label)	full-archive sweep 2026-07-30
zh	-	释然					EXCLUDE (out of circumplex scope: no Russell label)	full-archive sweep 2026-07-30
zh	-	钦佩					EXCLUDE (out of circumplex scope: no Russell label)	full-archive sweep 2026-07-30
zh	-	错乱					EXCLUDE (out of circumplex scope: no Russell label)	full-archive sweep 2026-07-30
zh	-	错愕	B				EXCLUDE (strict synonymy rule: stunned with dismay shade)	full-archive sweep 2026-07-30
zh	-	镇静					EXCLUDE (out of circumplex scope: no Russell label)	full-archive sweep 2026-07-30
zh	-	问心无愧					EXCLUDE (out of circumplex scope: no Russell label)	full-archive sweep 2026-07-30
zh	-	闷闷					EXCLUDE (out of circumplex scope: no Russell label)	full-archive sweep 2026-07-30
zh	gloomy	闷闷不乐	B	glum, in low spirits			KEEP	full-archive sweep 2026-07-30; manual gloss check, no NRC-VAD gate
zh	-	闹心					EXCLUDE (out of circumplex scope: no Russell label)	full-archive sweep 2026-07-30
zh	-	陶醉					EXCLUDE (out of circumplex scope: no Russell label)	full-archive sweep 2026-07-30
zh	-	难为情					EXCLUDE (out of circumplex scope: no Russell label)	full-archive sweep 2026-07-30
zh	-	难以忍受					EXCLUDE (out of circumplex scope: no Russell label)	full-archive sweep 2026-07-30
zh	-	难以承受					EXCLUDE (out of circumplex scope: no Russell label)	full-archive sweep 2026-07-30
zh	-	难以接受					EXCLUDE (out of circumplex scope: no Russell label)	full-archive sweep 2026-07-30
zh	-	难以置信					EXCLUDE (out of circumplex scope: no Russell label)	full-archive sweep 2026-07-30
zh	-	难堪					EXCLUDE (out of circumplex scope: no Russell label)	full-archive sweep 2026-07-30
zh	-	难安					EXCLUDE (out of circumplex scope: no Russell label)	full-archive sweep 2026-07-30
zh	-	难忍					EXCLUDE (out of circumplex scope: no Russell label)	full-archive sweep 2026-07-30
zh	-	难熬					EXCLUDE (out of circumplex scope: no Russell label)	full-archive sweep 2026-07-30
zh	-	雀跃					EXCLUDE (out of circumplex scope: no Russell label)	full-archive sweep 2026-07-30
zh	-	震怒					EXCLUDE (out of circumplex scope: no Russell label)	full-archive sweep 2026-07-30
zh	-	震撼					EXCLUDE (out of circumplex scope: no Russell label)	full-archive sweep 2026-07-30
zh	-	顾虑					EXCLUDE (out of circumplex scope: no Russell label)	full-archive sweep 2026-07-30
zh	-	颓丧					EXCLUDE (out of circumplex scope: no Russell label)	full-archive sweep 2026-07-30
zh	-	颓废					EXCLUDE (out of circumplex scope: no Russell label)	full-archive sweep 2026-07-30
zh	-	飘飘然					EXCLUDE (out of circumplex scope: no Russell label)	full-archive sweep 2026-07-30
zh	-	骄傲					EXCLUDE (out of circumplex scope: no Russell label)	full-archive sweep 2026-07-30
zh	-	麻木					EXCLUDE (out of circumplex scope: no Russell label)	full-archive sweep 2026-07-30
zh	-	黯然					EXCLUDE (out of circumplex scope: no Russell label)	full-archive sweep 2026-07-30
zh	-	鼓舞					EXCLUDE (out of circumplex scope: no Russell label)	full-archive sweep 2026-07-30
zh	-	鼻酸					EXCLUDE (out of circumplex scope: no Russell label)	full-archive sweep 2026-07-30
fa	-	آدم					EXCLUDE (out of circumplex scope: no Russell label)	full-archive sweep 2026-07-30
fa	-	آزاد					EXCLUDE (out of circumplex scope: no Russell label)	full-archive sweep 2026-07-30
fa	-	آزادی					EXCLUDE (out of circumplex scope: no Russell label)	full-archive sweep 2026-07-30
fa	-	آشنا					EXCLUDE (out of circumplex scope: no Russell label)	full-archive sweep 2026-07-30
fa	-	آواره					EXCLUDE (out of circumplex scope: no Russell label)	full-archive sweep 2026-07-30
fa	-	احساساتی					EXCLUDE (out of circumplex scope: no Russell label)	full-archive sweep 2026-07-30
fa	-	استرس	B				EXCLUDE (strict synonymy rule: stress (tense/distressed blend, loanword))	full-archive sweep 2026-07-30
fa	-	اسیر					EXCLUDE (out of circumplex scope: no Russell label)	full-archive sweep 2026-07-30
fa	-	اضطراب	B				EXCLUDE (strict synonymy rule: anxiety != tense (consistent call))	full-archive sweep 2026-07-30
fa	-	اطمینان					EXCLUDE (out of circumplex scope: no Russell label)	full-archive sweep 2026-07-30
fa	-	اعتماد					EXCLUDE (out of circumplex scope: no Russell label)	full-archive sweep 2026-07-30
fa	-	اعصابم ... ریخت	B				EXCLUDE (strict synonymy rule: nerves-collapsed idiom (annoyed/distressed blend))	full-archive sweep 2026-07-30
fa	-	اعصابم ... ریخته	B				EXCLUDE (strict synonymy rule: same)	full-archive sweep 2026-07-30
fa	-	اعصابم ... شد	B				EXCLUDE (strict synonymy rule: heterogeneous template)	full-archive sweep 2026-07-30
fa	-	اعصابم ... شده	B				EXCLUDE (strict synonymy rule: heterogeneous template)	full-archive sweep 2026-07-30
fa	-	افتخار					EXCLUDE (out of circumplex scope: no Russell label)	full-archive sweep 2026-07-30
fa	-	امنیت					EXCLUDE (out of circumplex scope: no Russell label)	full-archive sweep 2026-07-30
fa	-	امید					EXCLUDE (out of circumplex scope: no Russell label)	full-archive sweep 2026-07-30
fa	-	امیدوار					EXCLUDE (out of circumplex scope: no Russell label)	full-archive sweep 2026-07-30
fa	-	انرژی					EXCLUDE (out of circumplex scope: no Russell label)	full-archive sweep 2026-07-30
fa	-	بزرگ					EXCLUDE (out of circumplex scope: no Russell label)	full-archive sweep 2026-07-30
fa	-	بزرگی					EXCLUDE (out of circumplex scope: no Russell label)	full-archive sweep 2026-07-30
fa	-	بغض					EXCLUDE (out of circumplex scope: no Russell label)	full-archive sweep 2026-07-30
fa	-	بغضم ... شد					EXCLUDE (out of circumplex scope: no Russell label)	full-archive sweep 2026-07-30
fa	-	بغضم ... شده					EXCLUDE (out of circumplex scope: no Russell label)	full-archive sweep 2026-07-30
fa	-	بغضم ... گرفت	B				EXCLUDE (strict synonymy rule: lump-in-throat (pre-crying, not strictly sad))	full-archive sweep 2026-07-30
fa	-	بغضم ... گرفته	B				EXCLUDE (strict synonymy rule: same)	full-archive sweep 2026-07-30
fa	-	بنده					EXCLUDE (out of circumplex scope: no Russell label)	full-archive sweep 2026-07-30
fa	-	بهتر					EXCLUDE (out of circumplex scope: no Russell label)	full-archive sweep 2026-07-30
fa	-	بودن					EXCLUDE (out of circumplex scope: no Russell label)	full-archive sweep 2026-07-30
fa	-	تازگی					EXCLUDE (out of circumplex scope: no Russell label)	full-archive sweep 2026-07-30
fa	-	تجربه					EXCLUDE (out of circumplex scope: no Russell label)	full-archive sweep 2026-07-30
fa	-	ترحم					EXCLUDE (out of circumplex scope: no Russell label)	full-archive sweep 2026-07-30
fa	-	تسلیم					EXCLUDE (out of circumplex scope: no Russell label)	full-archive sweep 2026-07-30
fa	-	تعلق					EXCLUDE (out of circumplex scope: no Russell label)	full-archive sweep 2026-07-30
fa	-	تعهد					EXCLUDE (out of circumplex scope: no Russell label)	full-archive sweep 2026-07-30
fa	-	تلخ					EXCLUDE (out of circumplex scope: no Russell label)	full-archive sweep 2026-07-30
fa	-	تنها					EXCLUDE (out of circumplex scope: no Russell label)	full-archive sweep 2026-07-30
fa	-	تنهایی					EXCLUDE (out of circumplex scope: no Russell label)	full-archive sweep 2026-07-30
fa	-	جگرم ... سوخت					EXCLUDE (out of circumplex scope: no Russell label)	full-archive sweep 2026-07-30
fa	-	جگرم ... سوخته					EXCLUDE (out of circumplex scope: no Russell label)	full-archive sweep 2026-07-30
fa	-	جگرم ... شد					EXCLUDE (out of circumplex scope: no Russell label)	full-archive sweep 2026-07-30
fa	-	جگرم ... شده					EXCLUDE (out of circumplex scope: no Russell label)	full-archive sweep 2026-07-30
fa	-	جگرم ... گرفت					EXCLUDE (out of circumplex scope: no Russell label)	full-archive sweep 2026-07-30
fa	-	جیگرم ... سوخت					EXCLUDE (out of circumplex scope: no Russell label)	full-archive sweep 2026-07-30
fa	-	جیگرم ... شد					EXCLUDE (out of circumplex scope: no Russell label)	full-archive sweep 2026-07-30
fa	-	جیگرم ... گرفت					EXCLUDE (out of circumplex scope: no Russell label)	full-archive sweep 2026-07-30
fa	-	حسادت					EXCLUDE (out of circumplex scope: no Russell label)	full-archive sweep 2026-07-30
fa	-	حساس					EXCLUDE (out of circumplex scope: no Russell label)	full-archive sweep 2026-07-30
fa	-	حقارت					EXCLUDE (out of circumplex scope: no Russell label)	full-archive sweep 2026-07-30
fa	-	حوصله	B				EXCLUDE (strict synonymy rule: patience/enthusiasm (polarity-ambiguous without negation))	full-archive sweep 2026-07-30
fa	-	خجالت					EXCLUDE (out of circumplex scope: no Russell label)	full-archive sweep 2026-07-30
fa	-	خراب					EXCLUDE (out of circumplex scope: no Russell label)	full-archive sweep 2026-07-30
fa	tired	خسته‌ام	A	"""I am tired"" — clitic variant of anchor خسته"			KEEP	full-archive sweep 2026-07-30; manual gloss check, no NRC-VAD gate
fa	-	خفگی					EXCLUDE (out of circumplex scope: no Russell label)	full-archive sweep 2026-07-30
fa	-	خوب					EXCLUDE (out of circumplex scope: no Russell label)	full-archive sweep 2026-07-30
fa	-	خوشبخت					EXCLUDE (out of circumplex scope: no Russell label)	full-archive sweep 2026-07-30
fa	-	خوشبختی					EXCLUDE (out of circumplex scope: no Russell label)	full-archive sweep 2026-07-30
fa	happy	خوشحالم	A	"""I am happy"" — clitic variant of anchor خوشحال"			KEEP	full-archive sweep 2026-07-30; manual gloss check, no NRC-VAD gate
fa	-	خوشی	B				EXCLUDE (strict synonymy rule: joy/fun polysemy (happy/pleased blend))	full-archive sweep 2026-07-30
fa	-	داد					EXCLUDE (out of circumplex scope: no Russell label)	full-archive sweep 2026-07-30
fa	-	داغون	B				EXCLUDE (strict synonymy rule: wrecked (miserable/distressed/tired blend, slang))	full-archive sweep 2026-07-30
fa	-	درد					EXCLUDE (out of circumplex scope: no Russell label)	full-archive sweep 2026-07-30
fa	-	درماندگی					EXCLUDE (out of circumplex scope: no Russell label)	full-archive sweep 2026-07-30
fa	-	دست					EXCLUDE (out of circumplex scope: no Russell label)	full-archive sweep 2026-07-30
fa	-	دلتنگ					EXCLUDE (out of circumplex scope: no Russell label)	full-archive sweep 2026-07-30
fa	-	دلتنگی					EXCLUDE (out of circumplex scope: no Russell label)	full-archive sweep 2026-07-30
fa	-	دلسرد	B				EXCLUDE (strict synonymy rule: disheartened (cf. excluded dezamagit/निराश))	full-archive sweep 2026-07-30
fa	-	دلسوزی					EXCLUDE (out of circumplex scope: no Russell label)	full-archive sweep 2026-07-30
fa	-	دلم ... ریخت	B				EXCLUDE (strict synonymy rule: heart-sank startle idiom; alarmed candidate but conjunct semantics unverified)	full-archive sweep 2026-07-30
fa	-	دلم ... ریخته	B				EXCLUDE (strict synonymy rule: same as دلم ... ریخت)	full-archive sweep 2026-07-30
fa	-	دلم ... سوخت					EXCLUDE (out of circumplex scope: no Russell label)	full-archive sweep 2026-07-30
fa	-	دلم ... سوخته					EXCLUDE (out of circumplex scope: no Russell label)	full-archive sweep 2026-07-30
fa	-	دور					EXCLUDE (out of circumplex scope: no Russell label)	full-archive sweep 2026-07-30
fa	-	دوست					EXCLUDE (out of circumplex scope: no Russell label)	full-archive sweep 2026-07-30
fa	-	دوستدار					EXCLUDE (out of circumplex scope: no Russell label)	full-archive sweep 2026-07-30
fa	-	دوستی					EXCLUDE (out of circumplex scope: no Russell label)	full-archive sweep 2026-07-30
fa	-	دیوانه					EXCLUDE (out of circumplex scope: no Russell label)	full-archive sweep 2026-07-30
fa	-	ذلیل					EXCLUDE (out of circumplex scope: no Russell label)	full-archive sweep 2026-07-30
fa	-	رنج					EXCLUDE (out of circumplex scope: no Russell label)	full-archive sweep 2026-07-30
fa	-	رها					EXCLUDE (out of circumplex scope: no Russell label)	full-archive sweep 2026-07-30
fa	-	رهایی					EXCLUDE (out of circumplex scope: no Russell label)	full-archive sweep 2026-07-30
fa	-	روانم ... ریخت					EXCLUDE (out of circumplex scope: no Russell label)	full-archive sweep 2026-07-30
fa	-	روانم ... ریخته					EXCLUDE (out of circumplex scope: no Russell label)	full-archive sweep 2026-07-30
fa	-	روانم ... شد					EXCLUDE (out of circumplex scope: no Russell label)	full-archive sweep 2026-07-30
fa	-	روانم ... شده					EXCLUDE (out of circumplex scope: no Russell label)	full-archive sweep 2026-07-30
fa	-	زنده					EXCLUDE (out of circumplex scope: no Russell label)	full-archive sweep 2026-07-30
fa	-	زندگی					EXCLUDE (out of circumplex scope: no Russell label)	full-archive sweep 2026-07-30
fa	-	زودرنج					EXCLUDE (out of circumplex scope: no Russell label)	full-archive sweep 2026-07-30
fa	-	زیبا					EXCLUDE (out of circumplex scope: no Russell label)	full-archive sweep 2026-07-30
fa	-	سالم					EXCLUDE (out of circumplex scope: no Russell label)	full-archive sweep 2026-07-30
fa	-	ساکت					EXCLUDE (out of circumplex scope: no Russell label)	full-archive sweep 2026-07-30
fa	-	سبک					EXCLUDE (out of circumplex scope: no Russell label)	full-archive sweep 2026-07-30
fa	-	سبکی					EXCLUDE (out of circumplex scope: no Russell label)	full-archive sweep 2026-07-30
fa	-	سخت					EXCLUDE (out of circumplex scope: no Russell label)	full-archive sweep 2026-07-30
fa	-	سرحال	B				EXCLUDE (strict synonymy rule: chipper (happy/energetic blend))	full-archive sweep 2026-07-30
fa	-	سرد					EXCLUDE (out of circumplex scope: no Russell label)	full-archive sweep 2026-07-30
fa	-	سردرگم					EXCLUDE (out of circumplex scope: no Russell label)	full-archive sweep 2026-07-30
fa	-	سرگردان					EXCLUDE (out of circumplex scope: no Russell label)	full-archive sweep 2026-07-30
fa	-	سلام					EXCLUDE (out of circumplex scope: no Russell label)	full-archive sweep 2026-07-30
fa	-	سنگینی					EXCLUDE (out of circumplex scope: no Russell label)	full-archive sweep 2026-07-30
fa	-	سپاسگزار					EXCLUDE (out of circumplex scope: no Russell label)	full-archive sweep 2026-07-30
fa	-	شادابی					EXCLUDE (out of circumplex scope: no Russell label)	full-archive sweep 2026-07-30
fa	happy	شادمانی	B	joyfulness (literary noun; cf. anchors شاد/شادی)			KEEP	full-archive sweep 2026-07-30; manual gloss check, no NRC-VAD gate
fa	-	شاکر					EXCLUDE (out of circumplex scope: no Russell label)	full-archive sweep 2026-07-30
fa	-	شرم					EXCLUDE (out of circumplex scope: no Russell label)	full-archive sweep 2026-07-30
fa	-	شرمنده					EXCLUDE (out of circumplex scope: no Russell label)	full-archive sweep 2026-07-30
fa	-	شرمندگی					EXCLUDE (out of circumplex scope: no Russell label)	full-archive sweep 2026-07-30
fa	-	شعف	B				EXCLUDE (strict synonymy rule: glee (delighted/excited blend))	full-archive sweep 2026-07-30
fa	-	شور	B				EXCLUDE (strict synonymy rule: passion/fervor (excited-adjacent; salty polysemy))	full-archive sweep 2026-07-30
fa	-	شکست					EXCLUDE (out of circumplex scope: no Russell label)	full-archive sweep 2026-07-30
fa	-	شکسته					EXCLUDE (out of circumplex scope: no Russell label)	full-archive sweep 2026-07-30
fa	-	شیرین					EXCLUDE (out of circumplex scope: no Russell label)	full-archive sweep 2026-07-30
fa	-	شیفته					EXCLUDE (out of circumplex scope: no Russell label)	full-archive sweep 2026-07-30
fa	-	صمیمیت					EXCLUDE (out of circumplex scope: no Russell label)	full-archive sweep 2026-07-30
fa	-	ضعف					EXCLUDE (out of circumplex scope: no Russell label)	full-archive sweep 2026-07-30
fa	-	ضعیف					EXCLUDE (out of circumplex scope: no Russell label)	full-archive sweep 2026-07-30
fa	-	طراوت					EXCLUDE (out of circumplex scope: no Russell label)	full-archive sweep 2026-07-30
fa	-	عاشق					EXCLUDE (out of circumplex scope: no Russell label)	full-archive sweep 2026-07-30
fa	-	عاشقت					EXCLUDE (out of circumplex scope: no Russell label)	full-archive sweep 2026-07-30
fa	-	عاشقم					EXCLUDE (out of circumplex scope: no Russell label)	full-archive sweep 2026-07-30
fa	-	عجز					EXCLUDE (out of circumplex scope: no Russell label)	full-archive sweep 2026-07-30
fa	-	عجیب					EXCLUDE (out of circumplex scope: no Russell label)	full-archive sweep 2026-07-30
fa	-	عزت					EXCLUDE (out of circumplex scope: no Russell label)	full-archive sweep 2026-07-30
fa	-	عشق					EXCLUDE (out of circumplex scope: no Russell label)	full-archive sweep 2026-07-30
fa	-	غربت					EXCLUDE (out of circumplex scope: no Russell label)	full-archive sweep 2026-07-30
fa	-	غرق					EXCLUDE (out of circumplex scope: no Russell label)	full-archive sweep 2026-07-30
fa	-	غرور					EXCLUDE (out of circumplex scope: no Russell label)	full-archive sweep 2026-07-30
fa	-	غریب					EXCLUDE (out of circumplex scope: no Russell label)	full-archive sweep 2026-07-30
fa	-	غریبی					EXCLUDE (out of circumplex scope: no Russell label)	full-archive sweep 2026-07-30
fa	-	فشار					EXCLUDE (out of circumplex scope: no Russell label)	full-archive sweep 2026-07-30
fa	-	قدرت					EXCLUDE (out of circumplex scope: no Russell label)	full-archive sweep 2026-07-30
fa	-	قدردان					EXCLUDE (out of circumplex scope: no Russell label)	full-archive sweep 2026-07-30
fa	-	قشنگ					EXCLUDE (out of circumplex scope: no Russell label)	full-archive sweep 2026-07-30
fa	-	قوی					EXCLUDE (out of circumplex scope: no Russell label)	full-archive sweep 2026-07-30
fa	-	لذت					EXCLUDE (out of circumplex scope: no Russell label)	full-archive sweep 2026-07-30
fa	-	مات	B				EXCLUDE (strict synonymy rule: stunned, but checkmate/matte polysemy)	full-archive sweep 2026-07-30
fa	-	متأثر					EXCLUDE (out of circumplex scope: no Russell label)	full-archive sweep 2026-07-30
fa	-	متأسف					EXCLUDE (out of circumplex scope: no Russell label)	full-archive sweep 2026-07-30
fa	-	متاثر					EXCLUDE (out of circumplex scope: no Russell label)	full-archive sweep 2026-07-30
fa	-	متاسف					EXCLUDE (out of circumplex scope: no Russell label)	full-archive sweep 2026-07-30
fa	astonished	متحیر	B	amazed/in wonder (cf. anchor مبهوت)			KEEP	full-archive sweep 2026-07-30; manual gloss check, no NRC-VAD gate
fa	-	متنفر					EXCLUDE (out of circumplex scope: no Russell label)	full-archive sweep 2026-07-30
fa	-	مجذوب					EXCLUDE (out of circumplex scope: no Russell label)	full-archive sweep 2026-07-30
fa	-	مجنونم					EXCLUDE (out of circumplex scope: no Russell label)	full-archive sweep 2026-07-30
fa	-	محبت					EXCLUDE (out of circumplex scope: no Russell label)	full-archive sweep 2026-07-30
fa	-	محتاج					EXCLUDE (out of circumplex scope: no Russell label)	full-archive sweep 2026-07-30
fa	-	مرد					EXCLUDE (out of circumplex scope: no Russell label)	full-archive sweep 2026-07-30
fa	-	مرگ					EXCLUDE (out of circumplex scope: no Russell label)	full-archive sweep 2026-07-30
fa	-	مریض					EXCLUDE (out of circumplex scope: no Russell label)	full-archive sweep 2026-07-30
fa	-	مسئولیت					EXCLUDE (out of circumplex scope: no Russell label)	full-archive sweep 2026-07-30
fa	-	مست					EXCLUDE (out of circumplex scope: no Russell label)	full-archive sweep 2026-07-30
fa	-	مشتاق					EXCLUDE (out of circumplex scope: no Russell label)	full-archive sweep 2026-07-30
fa	-	مطمئن					EXCLUDE (out of circumplex scope: no Russell label)	full-archive sweep 2026-07-30
fa	-	مظلوم					EXCLUDE (out of circumplex scope: no Russell label)	full-archive sweep 2026-07-30
fa	-	معرفت					EXCLUDE (out of circumplex scope: no Russell label)	full-archive sweep 2026-07-30
fa	-	مغرور					EXCLUDE (out of circumplex scope: no Russell label)	full-archive sweep 2026-07-30
fa	-	مغزم ... شد					EXCLUDE (out of circumplex scope: no Russell label)	full-archive sweep 2026-07-30
fa	-	مغزم ... شده					EXCLUDE (out of circumplex scope: no Russell label)	full-archive sweep 2026-07-30
fa	-	مغزم ... گرفته					EXCLUDE (out of circumplex scope: no Russell label)	full-archive sweep 2026-07-30
fa	-	ملول	B				EXCLUDE (strict synonymy rule: weary/dejected (bored/gloomy blend))	full-archive sweep 2026-07-30
fa	-	ممنون					EXCLUDE (out of circumplex scope: no Russell label)	full-archive sweep 2026-07-30
fa	-	منتظر					EXCLUDE (out of circumplex scope: no Russell label)	full-archive sweep 2026-07-30
fa	-	مهربان					EXCLUDE (out of circumplex scope: no Russell label)	full-archive sweep 2026-07-30
fa	-	موفق					EXCLUDE (out of circumplex scope: no Russell label)	full-archive sweep 2026-07-30
fa	-	ناامنی					EXCLUDE (out of circumplex scope: no Russell label)	full-archive sweep 2026-07-30
fa	-	ناامید					EXCLUDE (out of circumplex scope: no Russell label)	full-archive sweep 2026-07-30
fa	-	ناامیدی					EXCLUDE (out of circumplex scope: no Russell label)	full-archive sweep 2026-07-30
fa	-	ناب					EXCLUDE (out of circumplex scope: no Russell label)	full-archive sweep 2026-07-30
fa	-	ناتوان					EXCLUDE (out of circumplex scope: no Russell label)	full-archive sweep 2026-07-30
fa	-	ناتوانی					EXCLUDE (out of circumplex scope: no Russell label)	full-archive sweep 2026-07-30
fa	-	نادم					EXCLUDE (out of circumplex scope: no Russell label)	full-archive sweep 2026-07-30
fa	-	ناراحتی					EXCLUDE (out of circumplex scope: no Russell label)	full-archive sweep 2026-07-30
fa	-	ندامت					EXCLUDE (out of circumplex scope: no Russell label)	full-archive sweep 2026-07-30
fa	-	نزدیکی					EXCLUDE (out of circumplex scope: no Russell label)	full-archive sweep 2026-07-30
fa	-	نشاط	B				EXCLUDE (strict synonymy rule: vivacity (happy/energetic blend))	full-archive sweep 2026-07-30
fa	-	نفرت					EXCLUDE (out of circumplex scope: no Russell label)	full-archive sweep 2026-07-30
fa	-	نگرانی					EXCLUDE (out of circumplex scope: no Russell label)	full-archive sweep 2026-07-30
fa	-	هیچ					EXCLUDE (out of circumplex scope: no Russell label)	full-archive sweep 2026-07-30
fa	-	واله					EXCLUDE (out of circumplex scope: no Russell label)	full-archive sweep 2026-07-30
fa	-	پاک					EXCLUDE (out of circumplex scope: no Russell label)	full-archive sweep 2026-07-30
fa	-	پشیمان					EXCLUDE (out of circumplex scope: no Russell label)	full-archive sweep 2026-07-30
fa	-	پشیمانی					EXCLUDE (out of circumplex scope: no Russell label)	full-archive sweep 2026-07-30
fa	-	پوچ					EXCLUDE (out of circumplex scope: no Russell label)	full-archive sweep 2026-07-30
fa	-	پوچی					EXCLUDE (out of circumplex scope: no Russell label)	full-archive sweep 2026-07-30
fa	-	پیر					EXCLUDE (out of circumplex scope: no Russell label)	full-archive sweep 2026-07-30
fa	-	کردن					EXCLUDE (out of circumplex scope: no Russell label)	full-archive sweep 2026-07-30
fa	-	کسالت	B				EXCLUDE (strict synonymy rule: boredom/illness polysemy)	full-archive sweep 2026-07-30
fa	-	کینه					EXCLUDE (out of circumplex scope: no Russell label)	full-archive sweep 2026-07-30
fa	-	گرم					EXCLUDE (out of circumplex scope: no Russell label)	full-archive sweep 2026-07-30
fa	-	گرما					EXCLUDE (out of circumplex scope: no Russell label)	full-archive sweep 2026-07-30
fa	-	گریان					EXCLUDE (out of circumplex scope: no Russell label)	full-archive sweep 2026-07-30
fa	-	گناه					EXCLUDE (out of circumplex scope: no Russell label)	full-archive sweep 2026-07-30
fa	-	گیج					EXCLUDE (out of circumplex scope: no Russell label)	full-archive sweep 2026-07-30
fa	-	یاس					EXCLUDE (out of circumplex scope: no Russell label)	full-archive sweep 2026-07-30
hi	-	अकेला					EXCLUDE (out of circumplex scope: no Russell label)	full-archive sweep 2026-07-30
hi	-	अपमानित					EXCLUDE (out of circumplex scope: no Russell label)	full-archive sweep 2026-07-30
hi	-	अहंकार					EXCLUDE (out of circumplex scope: no Russell label)	full-archive sweep 2026-07-30
hi	-	अहसास					EXCLUDE (out of circumplex scope: no Russell label)	full-archive sweep 2026-07-30
hi	-	आँसू					EXCLUDE (out of circumplex scope: no Russell label)	full-archive sweep 2026-07-30
hi	-	आंसू					EXCLUDE (out of circumplex scope: no Russell label)	full-archive sweep 2026-07-30
hi	-	आशा					EXCLUDE (out of circumplex scope: no Russell label)	full-archive sweep 2026-07-30
hi	-	आश्वस्त	B				EXCLUDE (strict synonymy rule: reassured/assured)	full-archive sweep 2026-07-30
hi	-	उत्तेजना	B				EXCLUDE (strict synonymy rule: excitement/arousal/agitation polysemy (cf. उत्तेजित))	full-archive sweep 2026-07-30
hi	-	उत्सुक	B				EXCLUDE (strict synonymy rule: eager/curious)	full-archive sweep 2026-07-30
hi	-	उम्मीद					EXCLUDE (out of circumplex scope: no Russell label)	full-archive sweep 2026-07-30
hi	-	कमजोर					EXCLUDE (out of circumplex scope: no Russell label)	full-archive sweep 2026-07-30
hi	-	कृतज्ञता					EXCLUDE (out of circumplex scope: no Russell label)	full-archive sweep 2026-07-30
hi	-	खेद					EXCLUDE (out of circumplex scope: no Russell label)	full-archive sweep 2026-07-30
hi	-	गजब	B				EXCLUDE (strict synonymy rule: amazing (exclamation/stimulus property))	full-archive sweep 2026-07-30
hi	-	गर्म					EXCLUDE (out of circumplex scope: no Russell label)	full-archive sweep 2026-07-30
hi	-	गर्व					EXCLUDE (out of circumplex scope: no Russell label)	full-archive sweep 2026-07-30
hi	-	चाहती					EXCLUDE (out of circumplex scope: no Russell label)	full-archive sweep 2026-07-30
hi	-	चिंता	B				EXCLUDE (strict synonymy rule: worry noun)	full-archive sweep 2026-07-30
hi	-	चिंतित	B				EXCLUDE (strict synonymy rule: worried != distressed (standing rule))	full-archive sweep 2026-07-30
hi	-	चिन्ता	B				EXCLUDE (strict synonymy rule: worry noun (spelling variant))	full-archive sweep 2026-07-30
hi	-	चुप					EXCLUDE (out of circumplex scope: no Russell label)	full-archive sweep 2026-07-30
hi	-	चेहरे					EXCLUDE (out of circumplex scope: no Russell label)	full-archive sweep 2026-07-30
hi	-	जलन					EXCLUDE (out of circumplex scope: no Russell label)	full-archive sweep 2026-07-30
hi	-	टूट					EXCLUDE (out of circumplex scope: no Russell label)	full-archive sweep 2026-07-30
hi	-	तुझ					EXCLUDE (out of circumplex scope: no Russell label)	full-archive sweep 2026-07-30
hi	-	दर्द					EXCLUDE (out of circumplex scope: no Russell label)	full-archive sweep 2026-07-30
hi	-	दिलचस्पी					EXCLUDE (out of circumplex scope: no Russell label)	full-archive sweep 2026-07-30
hi	-	नफरत					EXCLUDE (out of circumplex scope: no Russell label)	full-archive sweep 2026-07-30
hi	-	पछतावा					EXCLUDE (out of circumplex scope: no Russell label)	full-archive sweep 2026-07-30
hi	-	पश्चाताप					EXCLUDE (out of circumplex scope: no Russell label)	full-archive sweep 2026-07-30
hi	-	पसन्द					EXCLUDE (out of circumplex scope: no Russell label)	full-archive sweep 2026-07-30
hi	-	प्यार					EXCLUDE (out of circumplex scope: no Russell label)	full-archive sweep 2026-07-30
hi	-	प्रभावित					EXCLUDE (out of circumplex scope: no Russell label)	full-archive sweep 2026-07-30
hi	-	प्रिय					EXCLUDE (out of circumplex scope: no Russell label)	full-archive sweep 2026-07-30
hi	-	प्रेम					EXCLUDE (out of circumplex scope: no Russell label)	full-archive sweep 2026-07-30
hi	-	बेचैनी	B				EXCLUDE (strict synonymy rule: restlessness noun (cf. excluded बेचैन))	full-archive sweep 2026-07-30
hi	-	भड़क	B				EXCLUDE (strict synonymy rule: flare-up event (anger outburst, not state))	full-archive sweep 2026-07-30
hi	-	भरोसा					EXCLUDE (out of circumplex scope: no Russell label)	full-archive sweep 2026-07-30
hi	-	भाव					EXCLUDE (out of circumplex scope: no Russell label)	full-archive sweep 2026-07-30
hi	-	भावुक					EXCLUDE (out of circumplex scope: no Russell label)	full-archive sweep 2026-07-30
hi	-	मुस्कान					EXCLUDE (out of circumplex scope: no Russell label)	full-archive sweep 2026-07-30
hi	-	मोहब्बत					EXCLUDE (out of circumplex scope: no Russell label)	full-archive sweep 2026-07-30
hi	-	राग					EXCLUDE (out of circumplex scope: no Russell label)	full-archive sweep 2026-07-30
hi	-	रो					EXCLUDE (out of circumplex scope: no Russell label)	full-archive sweep 2026-07-30
hi	-	रोई					EXCLUDE (out of circumplex scope: no Russell label)	full-archive sweep 2026-07-30
hi	-	रोते					EXCLUDE (out of circumplex scope: no Russell label)	full-archive sweep 2026-07-30
hi	-	रोया					EXCLUDE (out of circumplex scope: no Russell label)	full-archive sweep 2026-07-30
hi	-	लगने					EXCLUDE (out of circumplex scope: no Russell label)	full-archive sweep 2026-07-30
hi	-	लगा					EXCLUDE (out of circumplex scope: no Russell label)	full-archive sweep 2026-07-30
hi	-	लगे					EXCLUDE (out of circumplex scope: no Russell label)	full-archive sweep 2026-07-30
hi	-	लाज					EXCLUDE (out of circumplex scope: no Russell label)	full-archive sweep 2026-07-30
hi	-	लालच					EXCLUDE (out of circumplex scope: no Russell label)	full-archive sweep 2026-07-30
hi	-	विजय					EXCLUDE (out of circumplex scope: no Russell label)	full-archive sweep 2026-07-30
hi	-	विवश					EXCLUDE (out of circumplex scope: no Russell label)	full-archive sweep 2026-07-30
hi	-	शक					EXCLUDE (out of circumplex scope: no Russell label)	full-archive sweep 2026-07-30
hi	-	शरीर					EXCLUDE (out of circumplex scope: no Russell label)	full-archive sweep 2026-07-30
hi	-	शर्म					EXCLUDE (out of circumplex scope: no Russell label)	full-archive sweep 2026-07-30
hi	-	शर्मिंदा					EXCLUDE (out of circumplex scope: no Russell label)	full-archive sweep 2026-07-30
hi	-	संकोच					EXCLUDE (out of circumplex scope: no Russell label)	full-archive sweep 2026-07-30
hi	-	संवेदनशील					EXCLUDE (out of circumplex scope: no Russell label)	full-archive sweep 2026-07-30
hi	-	सदमे	B				EXCLUDE (strict synonymy rule: trauma-shock, not neutral astonishment (cf. zh 震惊))	full-archive sweep 2026-07-30
hi	-	सम्मानित					EXCLUDE (out of circumplex scope: no Russell label)	full-archive sweep 2026-07-30
hi	-	सिंगल					EXCLUDE (out of circumplex scope: no Russell label)	full-archive sweep 2026-07-30
hi	-	सुख	B				EXCLUDE (strict synonymy rule: happiness/well-being concept (cf. zh 幸福))	full-archive sweep 2026-07-30
hi	-	सुरक्षित					EXCLUDE (out of circumplex scope: no Russell label)	full-archive sweep 2026-07-30
hi	-	स्नेह					EXCLUDE (out of circumplex scope: no Russell label)	full-archive sweep 2026-07-30
hi	-	हट					EXCLUDE (out of circumplex scope: no Russell label)	full-archive sweep 2026-07-30
hi	-	हार					EXCLUDE (out of circumplex scope: no Russell label)	full-archive sweep 2026-07-30
