{
  "n_samples": 2658,
  "acc@1": 0.2200902934537246,
  "acc@3": 0.3340857787810384,
  "acc@5": 0.34462001504890893,
  "mrr": 0.2749686481063457,
  "model": "Qwen/Qwen3.5-9B",
  "split": "test",
  "language": "ro",
  "type": "generative",
  "by_source": {
    "filmot": {
      "n_samples": 579,
      "acc@1": 0.16407599309153714,
      "acc@3": 0.26252158894645944,
      "acc@5": 0.2659758203799655,
      "mrr": 0.20889464594127805
    },
    "fulg": {
      "n_samples": 1986,
      "acc@1": 0.2366565961732125,
      "acc@3": 0.3544813695871098,
      "acc@5": 0.36706948640483383,
      "mrr": 0.2940835850956697
    },
    "merged_corpus": {
      "n_samples": 93,
      "acc@1": 0.21505376344086022,
      "acc@3": 0.34408602150537637,
      "acc@5": 0.3548387096774194,
      "mrr": 0.27813620071684586
    }
  },
  "by_pattern": {
    "primary": {
      "n_samples": 361,
      "acc@1": 0.1745152354570637,
      "acc@3": 0.26038781163434904,
      "acc@5": 0.26038781163434904,
      "mrr": 0.21329639889196675
    },
    "secondary": {
      "n_samples": 2297,
      "acc@1": 0.22725293861558554,
      "acc@3": 0.3456682629516761,
      "acc@5": 0.35785807575097955,
      "mrr": 0.2846611522275432
    }
  },
  "by_gender": {
    "f": {
      "n_samples": 1013,
      "acc@1": 0.2250740375123396,
      "acc@3": 0.3543928923988154,
      "acc@5": 0.36525172754195456,
      "mrr": 0.2872490950970714
    },
    "m": {
      "n_samples": 1272,
      "acc@1": 0.1871069182389937,
      "acc@3": 0.2838050314465409,
      "acc@5": 0.29559748427672955,
      "mrr": 0.2340539832285115
    },
    "unknown": {
      "n_samples": 373,
      "acc@1": 0.3190348525469169,
      "acc@3": 0.450402144772118,
      "acc@5": 0.45576407506702415,
      "mrr": 0.38114387846291337
    }
  }
}