{
  "n_samples": 2658,
  "acc@1": 0.07674943566591422,
  "acc@3": 0.14258841234010533,
  "acc@5": 0.1561324303987961,
  "mrr": 0.10963130173062452,
  "model": "OpenLLM-Ro/RoLlama3.1-8b-Instruct",
  "split": "test",
  "language": "ro",
  "type": "generative",
  "by_source": {
    "filmot": {
      "n_samples": 579,
      "acc@1": 0.055267702936096716,
      "acc@3": 0.1070811744386874,
      "acc@5": 0.12435233160621761,
      "mrr": 0.0814622913068509
    },
    "fulg": {
      "n_samples": 1986,
      "acc@1": 0.07905337361530715,
      "acc@3": 0.14753272910372608,
      "acc@5": 0.16062437059415913,
      "mrr": 0.11324269889224571
    },
    "merged_corpus": {
      "n_samples": 93,
      "acc@1": 0.16129032258064516,
      "acc@3": 0.25806451612903225,
      "acc@5": 0.25806451612903225,
      "mrr": 0.2078853046594982
    }
  },
  "by_pattern": {
    "primary": {
      "n_samples": 361,
      "acc@1": 0.024930747922437674,
      "acc@3": 0.07202216066481995,
      "acc@5": 0.08310249307479224,
      "mrr": 0.04801477377654663
    },
    "secondary": {
      "n_samples": 2297,
      "acc@1": 0.08489333913800609,
      "acc@3": 0.15367871136264694,
      "acc@5": 0.1676099259904223,
      "mrr": 0.11931504861413435
    }
  },
  "by_gender": {
    "f": {
      "n_samples": 1013,
      "acc@1": 0.040473840078973346,
      "acc@3": 0.09081934846989141,
      "acc@5": 0.10957551826258638,
      "mrr": 0.0673741362290227
    },
    "m": {
      "n_samples": 1272,
      "acc@1": 0.10849056603773585,
      "acc@3": 0.18553459119496854,
      "acc@5": 0.1957547169811321,
      "mrr": 0.1455581761006289
    },
    "unknown": {
      "n_samples": 373,
      "acc@1": 0.06702412868632708,
      "acc@3": 0.13672922252010725,
      "acc@5": 0.14745308310991956,
      "mrr": 0.10187667560321716
    }
  }
}