{
  "n_samples": 2658,
  "acc@1": 0.27878103837471785,
  "acc@3": 0.34574868322046654,
  "acc@5": 0.34612490594431905,
  "mrr": 0.3112929520943065,
  "model": "google/mt5-large",
  "split": "test",
  "language": "ro",
  "type": "generative",
  "by_source": {
    "filmot": {
      "n_samples": 579,
      "acc@1": 0.26770293609671847,
      "acc@3": 0.32469775474956825,
      "acc@5": 0.32469775474956825,
      "mrr": 0.29620034542314333
    },
    "fulg": {
      "n_samples": 1986,
      "acc@1": 0.2849949647532729,
      "acc@3": 0.3554884189325277,
      "acc@5": 0.35599194360523667,
      "mrr": 0.31894091977173544
    },
    "merged_corpus": {
      "n_samples": 93,
      "acc@1": 0.21505376344086022,
      "acc@3": 0.26881720430107525,
      "acc@5": 0.26881720430107525,
      "mrr": 0.24193548387096775
    }
  },
  "by_pattern": {
    "primary": {
      "n_samples": 361,
      "acc@1": 0.28254847645429365,
      "acc@3": 0.3407202216066482,
      "acc@5": 0.3407202216066482,
      "mrr": 0.31071098799630653
    },
    "secondary": {
      "n_samples": 2297,
      "acc@1": 0.2781889420983892,
      "acc@3": 0.34653896386591204,
      "acc@5": 0.34697431432303005,
      "mrr": 0.3113844144536352
    }
  },
  "by_gender": {
    "f": {
      "n_samples": 1013,
      "acc@1": 0.2211253701875617,
      "acc@3": 0.29318854886475815,
      "acc@5": 0.29417571569595263,
      "mrr": 0.2567456400131622
    },
    "m": {
      "n_samples": 1272,
      "acc@1": 0.29952830188679247,
      "acc@3": 0.3561320754716981,
      "acc@5": 0.3561320754716981,
      "mrr": 0.32691299790356393
    },
    "unknown": {
      "n_samples": 373,
      "acc@1": 0.3646112600536193,
      "acc@3": 0.45308310991957107,
      "acc@5": 0.45308310991957107,
      "mrr": 0.4061662198391421
    }
  }
}