{
  "n_samples": 2658,
  "acc@1": 0.12866817155756208,
  "acc@3": 0.19224981188863807,
  "acc@5": 0.19525959367945825,
  "mrr": 0.15838976674191121,
  "model": "Qwen/Qwen3.5-9B",
  "split": "test",
  "language": "en",
  "type": "generative",
  "by_source": {
    "filmot": {
      "n_samples": 579,
      "acc@1": 0.08808290155440414,
      "acc@3": 0.15544041450777202,
      "acc@5": 0.15716753022452504,
      "mrr": 0.11902705814622912
    },
    "fulg": {
      "n_samples": 1986,
      "acc@1": 0.1419939577039275,
      "acc@3": 0.2039274924471299,
      "acc@5": 0.20745216515609266,
      "mrr": 0.1710725075528701
    },
    "merged_corpus": {
      "n_samples": 93,
      "acc@1": 0.0967741935483871,
      "acc@3": 0.17204301075268819,
      "acc@5": 0.17204301075268819,
      "mrr": 0.1326164874551971
    }
  },
  "by_pattern": {
    "primary": {
      "n_samples": 361,
      "acc@1": 0.10803324099722991,
      "acc@3": 0.19667590027700832,
      "acc@5": 0.1994459833795014,
      "mrr": 0.14889196675900276
    },
    "secondary": {
      "n_samples": 2297,
      "acc@1": 0.13191118850674793,
      "acc@3": 0.19155420113191118,
      "acc@5": 0.19460165433173704,
      "mrr": 0.15988245537657814
    }
  },
  "by_gender": {
    "f": {
      "n_samples": 7,
      "acc@1": 0.0,
      "acc@3": 0.0,
      "acc@5": 0.0,
      "mrr": 0.0
    },
    "m": {
      "n_samples": 2137,
      "acc@1": 0.14599906410856342,
      "acc@3": 0.22087037903603182,
      "acc@5": 0.22414599906410856,
      "mrr": 0.1809000155981906
    },
    "unknown": {
      "n_samples": 514,
      "acc@1": 0.058365758754863814,
      "acc@3": 0.07587548638132295,
      "acc@5": 0.07782101167315175,
      "mrr": 0.066958495460441
    }
  }
}