{
  "n_samples": 5315,
  "acc@1": 0.007902163687676388,
  "acc@3": 0.015239887111947318,
  "acc@5": 0.022013170272812795,
  "mrr": 0.012724992160551899,
  "sim@1": 0.7413731701903374,
  "sim@3": 0.7841761686896112,
  "sim@5": 0.8006399603688481,
  "model": "/local/nlp/aij2115/ro_asi_ft/runs/mt5-large-ro-asi/mt5-large-ro-asi-ft",
  "split": "test",
  "language": "ro",
  "type": "generative",
  "by_source": {
    "filmot": {
      "n_samples": 931,
      "acc@1": 0.0010741138560687433,
      "acc@3": 0.007518796992481203,
      "acc@5": 0.013963480128893663,
      "mrr": 0.005388471177944862
    },
    "fulg": {
      "n_samples": 4204,
      "acc@1": 0.009752616555661274,
      "acc@3": 0.017602283539486202,
      "acc@5": 0.024024738344433874,
      "mrr": 0.014739930225182366
    },
    "merged_corpus": {
      "n_samples": 180,
      "acc@1": 0.0,
      "acc@3": 0.0,
      "acc@5": 0.016666666666666666,
      "mrr": 0.0036111111111111114
    }
  },
  "by_pattern": {
    "primary": {
      "n_samples": 424,
      "acc@1": 0.007075471698113208,
      "acc@3": 0.01179245283018868,
      "acc@5": 0.014150943396226415,
      "mrr": 0.009905660377358492
    },
    "secondary": {
      "n_samples": 4891,
      "acc@1": 0.00797382948272337,
      "acc@3": 0.015538744632999387,
      "acc@5": 0.02269474545082805,
      "mrr": 0.01296939957745519
    }
  },
  "by_gender": {
    "f": {
      "n_samples": 1452,
      "acc@1": 0.0,
      "acc@3": 0.0,
      "acc@5": 0.002066115702479339,
      "mrr": 0.0004820936639118457
    },
    "m": {
      "n_samples": 2125,
      "acc@1": 0.010823529411764706,
      "acc@3": 0.024941176470588234,
      "acc@5": 0.03529411764705882,
      "mrr": 0.019498039215686276
    },
    "unknown": {
      "n_samples": 1738,
      "acc@1": 0.01093210586881473,
      "acc@3": 0.01611047180667434,
      "acc@5": 0.02243958573072497,
      "mrr": 0.014672036823935558
    }
  }
}