{
  "n_samples": 2658,
  "acc@1": 0.19413092550790068,
  "acc@3": 0.28931527464258844,
  "acc@5": 0.2983446200150489,
  "mrr": 0.23934662653624278,
  "model": "OpenLLM-Ro/RoGemma2-9b-Instruct",
  "split": "test",
  "language": "ro",
  "type": "generative",
  "by_source": {
    "filmot": {
      "n_samples": 579,
      "acc@1": 0.11917098445595854,
      "acc@3": 0.20552677029360966,
      "acc@5": 0.21070811744386875,
      "mrr": 0.15817501439263096
    },
    "fulg": {
      "n_samples": 1986,
      "acc@1": 0.2134944612286002,
      "acc@3": 0.311178247734139,
      "acc@5": 0.32124874118831825,
      "mrr": 0.2603306478684122
    },
    "merged_corpus": {
      "n_samples": 93,
      "acc@1": 0.24731182795698925,
      "acc@3": 0.34408602150537637,
      "acc@5": 0.3548387096774194,
      "mrr": 0.2965949820788531
    }
  },
  "by_pattern": {
    "primary": {
      "n_samples": 361,
      "acc@1": 0.07479224376731301,
      "acc@3": 0.12465373961218837,
      "acc@5": 0.13019390581717452,
      "mrr": 0.0992613111726685
    },
    "secondary": {
      "n_samples": 2297,
      "acc@1": 0.2128863735306922,
      "acc@3": 0.3151937309534175,
      "acc@5": 0.32477144101001304,
      "mrr": 0.26136264693077926
    }
  },
  "by_gender": {
    "f": {
      "n_samples": 1013,
      "acc@1": 0.07502467917077986,
      "acc@3": 0.1125370187561698,
      "acc@5": 0.11451135241855874,
      "mrr": 0.0916419874958868
    },
    "m": {
      "n_samples": 1272,
      "acc@1": 0.2562893081761006,
      "acc@3": 0.3860062893081761,
      "acc@5": 0.4009433962264151,
      "mrr": 0.3182127882599581
    },
    "unknown": {
      "n_samples": 373,
      "acc@1": 0.30563002680965146,
      "acc@3": 0.43967828418230565,
      "acc@5": 0.4477211796246649,
      "mrr": 0.3715370866845397
    }
  }
}