{
  "n_samples": 2658,
  "acc@1": 0.5767494356659142,
  "acc@3": 0.7746425884123401,
  "acc@5": 0.8322046651617758,
  "mrr": 0.6796714321545021,
  "model": "/local/nlp/aij2115/ro_asi_ft/runs/mt5-large-ro-asi/mt5-large-ro-asi-ft",
  "split": "val",
  "language": "ro",
  "type": "generative",
  "by_source": {
    "filmot": {
      "n_samples": 602,
      "acc@1": 0.5548172757475083,
      "acc@3": 0.7425249169435216,
      "acc@5": 0.782392026578073,
      "mrr": 0.6495016611295681
    },
    "fulg": {
      "n_samples": 1947,
      "acc@1": 0.588597842835131,
      "acc@3": 0.7847971237801746,
      "acc@5": 0.8489984591679507,
      "mrr": 0.6921160760143811
    },
    "merged_corpus": {
      "n_samples": 109,
      "acc@1": 0.48623853211009177,
      "acc@3": 0.7706422018348624,
      "acc@5": 0.8073394495412844,
      "mrr": 0.6240061162079511
    }
  },
  "by_pattern": {
    "primary": {
      "n_samples": 375,
      "acc@1": 0.5253333333333333,
      "acc@3": 0.704,
      "acc@5": 0.7653333333333333,
      "mrr": 0.6149333333333333
    },
    "secondary": {
      "n_samples": 2283,
      "acc@1": 0.5851949189662724,
      "acc@3": 0.7862461673236969,
      "acc@5": 0.8431887866841875,
      "mrr": 0.6903051540370857
    }
  },
  "by_gender": {
    "f": {
      "n_samples": 1129,
      "acc@1": 0.5403011514614703,
      "acc@3": 0.7953941541186891,
      "acc@5": 0.8432240921169176,
      "mrr": 0.6702834366696191
    },
    "m": {
      "n_samples": 1214,
      "acc@1": 0.5840197693574959,
      "acc@3": 0.7413509060955519,
      "acc@5": 0.8072487644151565,
      "mrr": 0.6686985172981877
    },
    "unknown": {
      "n_samples": 315,
      "acc@1": 0.6793650793650794,
      "acc@3": 0.8285714285714286,
      "acc@5": 0.8888888888888888,
      "mrr": 0.7556084656084655
    }
  }
}