{
  "n_samples": 5315,
  "acc@1": 0.14468485418626528,
  "acc@3": 0.18739416745061147,
  "acc@5": 0.18795860771401693,
  "mrr": 0.16515835685167765,
  "model": "google/mt5-large",
  "split": "test",
  "language": "ro",
  "type": "generative",
  "by_source": {
    "filmot": {
      "n_samples": 931,
      "acc@1": 0.10526315789473684,
      "acc@3": 0.14285714285714285,
      "acc@5": 0.14285714285714285,
      "mrr": 0.12298603651987111
    },
    "fulg": {
      "n_samples": 4204,
      "acc@1": 0.15794481446241673,
      "acc@3": 0.20313986679352997,
      "acc@5": 0.2038534728829686,
      "mrr": 0.1797058357120203
    },
    "merged_corpus": {
      "n_samples": 180,
      "acc@1": 0.03888888888888889,
      "acc@3": 0.05,
      "acc@5": 0.05,
      "mrr": 0.04351851851851852
    }
  },
  "by_pattern": {
    "primary": {
      "n_samples": 424,
      "acc@1": 0.054245283018867926,
      "acc@3": 0.07311320754716981,
      "acc@5": 0.07311320754716981,
      "mrr": 0.06367924528301887
    },
    "secondary": {
      "n_samples": 4891,
      "acc@1": 0.1525250460028624,
      "acc@3": 0.19730116540584747,
      "acc@5": 0.1979145369045185,
      "mrr": 0.17395556464254072
    }
  },
  "by_gender": {
    "f": {
      "n_samples": 1452,
      "acc@1": 0.06887052341597796,
      "acc@3": 0.09228650137741047,
      "acc@5": 0.09297520661157024,
      "mrr": 0.07994719926538107
    },
    "m": {
      "n_samples": 2125,
      "acc@1": 0.08141176470588235,
      "acc@3": 0.10823529411764705,
      "acc@5": 0.10917647058823529,
      "mrr": 0.09422745098039215
    },
    "unknown": {
      "n_samples": 1738,
      "acc@1": 0.285385500575374,
      "acc@3": 0.36363636363636365,
      "acc@5": 0.36363636363636365,
      "mrr": 0.32307249712313
    }
  }
}