{
  "n_samples": 2658,
  "acc@1": 0.2343867569601204,
  "acc@3": 0.3269375470278405,
  "acc@5": 0.3600451467268623,
  "mrr": 0.2873239944225921,
  "model": "readerbench/RoBERT-base",
  "split": "test",
  "language": "ro",
  "type": "mlm",
  "by_source": {
    "filmot": {
      "n_samples": 579,
      "acc@1": 0.25734024179620035,
      "acc@3": 0.39723661485319517,
      "acc@5": 0.4473229706390328,
      "mrr": 0.33645988900203755
    },
    "fulg": {
      "n_samples": 1986,
      "acc@1": 0.23564954682779457,
      "acc@3": 0.31822759315206445,
      "acc@5": 0.3469284994964753,
      "mrr": 0.28277670556082674
    },
    "merged_corpus": {
      "n_samples": 93,
      "acc@1": 0.06451612903225806,
      "acc@3": 0.07526881720430108,
      "acc@5": 0.0967741935483871,
      "mrr": 0.07852004515342176
    }
  },
  "by_pattern": {
    "primary": {
      "n_samples": 361,
      "acc@1": 0.31024930747922436,
      "acc@3": 0.4626038781163435,
      "acc@5": 0.5041551246537396,
      "mrr": 0.3918124158082607
    },
    "secondary": {
      "n_samples": 2297,
      "acc@1": 0.22246408358728775,
      "acc@3": 0.30561602089682194,
      "acc@5": 0.3373966042664345,
      "mrr": 0.270902435815615
    }
  },
  "by_gender": {
    "f": {
      "n_samples": 1013,
      "acc@1": 0.19151036525172754,
      "acc@3": 0.2872655478775913,
      "acc@5": 0.3119447186574531,
      "mrr": 0.24335664512919028
    },
    "m": {
      "n_samples": 1272,
      "acc@1": 0.19654088050314467,
      "acc@3": 0.2555031446540881,
      "acc@5": 0.27672955974842767,
      "mrr": 0.23123213716916255
    },
    "unknown": {
      "n_samples": 373,
      "acc@1": 0.47989276139410186,
      "acc@3": 0.67828418230563,
      "acc@5": 0.774798927613941,
      "mrr": 0.5980150594643576
    }
  }
}