{
  "n_samples": 2658,
  "acc@1": 0.35628291948833707,
  "acc@3": 0.5402558314522197,
  "acc@5": 0.6109857035364936,
  "mrr": 0.4686082182770433,
  "model": "dumitrescustefan/bert-base-romanian-cased-v1",
  "split": "test",
  "language": "ro",
  "type": "mlm",
  "by_source": {
    "filmot": {
      "n_samples": 579,
      "acc@1": 0.3143350604490501,
      "acc@3": 0.5043177892918825,
      "acc@5": 0.5837651122625216,
      "mrr": 0.4333310447131651
    },
    "fulg": {
      "n_samples": 1986,
      "acc@1": 0.37613293051359514,
      "acc@3": 0.5584088620342397,
      "acc@5": 0.6278952668680765,
      "mrr": 0.48654204527572353
    },
    "merged_corpus": {
      "n_samples": 93,
      "acc@1": 0.1935483870967742,
      "acc@3": 0.3763440860215054,
      "acc@5": 0.41935483870967744,
      "mrr": 0.30526309004162794
    }
  },
  "by_pattern": {
    "primary": {
      "n_samples": 361,
      "acc@1": 0.3268698060941828,
      "acc@3": 0.5401662049861495,
      "acc@5": 0.6121883656509696,
      "mrr": 0.4530970957118869
    },
    "secondary": {
      "n_samples": 2297,
      "acc@1": 0.3609055289508054,
      "acc@3": 0.5402699172834131,
      "acc@5": 0.6107966913365259,
      "mrr": 0.47104596979903773
    }
  },
  "by_gender": {
    "f": {
      "n_samples": 1013,
      "acc@1": 0.30306021717670284,
      "acc@3": 0.506416584402764,
      "acc@5": 0.5745310957551826,
      "mrr": 0.4210008687393246
    },
    "m": {
      "n_samples": 1272,
      "acc@1": 0.35377358490566035,
      "acc@3": 0.5165094339622641,
      "acc@5": 0.5872641509433962,
      "mrr": 0.4590238292263454
    },
    "unknown": {
      "n_samples": 373,
      "acc@1": 0.5093833780160858,
      "acc@3": 0.7131367292225201,
      "acc@5": 0.7908847184986595,
      "mrr": 0.6305856658754259
    }
  }
}