{
  "n_samples": 2658,
  "acc@1": 0.17193378480060195,
  "acc@3": 0.20504138449962378,
  "acc@5": 0.21896162528216703,
  "mrr": 0.19318769429465393,
  "model": "FacebookAI/xlm-roberta-large",
  "split": "test",
  "language": "ro",
  "type": "mlm",
  "by_source": {
    "filmot": {
      "n_samples": 579,
      "acc@1": 0.20379965457685664,
      "acc@3": 0.2711571675302245,
      "acc@5": 0.29360967184801384,
      "mrr": 0.24699513361225933
    },
    "fulg": {
      "n_samples": 1986,
      "acc@1": 0.16968781470292044,
      "acc@3": 0.19284994964753274,
      "acc@5": 0.20443101711983888,
      "mrr": 0.18466176466729486
    },
    "merged_corpus": {
      "n_samples": 93,
      "acc@1": 0.021505376344086023,
      "acc@3": 0.053763440860215055,
      "acc@5": 0.06451612903225806,
      "mrr": 0.04026284348864994
    }
  },
  "by_pattern": {
    "primary": {
      "n_samples": 361,
      "acc@1": 0.30193905817174516,
      "acc@3": 0.4293628808864266,
      "acc@5": 0.45706371191135736,
      "mrr": 0.3718511597666722
    },
    "secondary": {
      "n_samples": 2297,
      "acc@1": 0.15150195907705702,
      "acc@3": 0.16978667827601218,
      "acc@5": 0.18154114061819765,
      "mrr": 0.16510867338242122
    }
  },
  "by_gender": {
    "f": {
      "n_samples": 1013,
      "acc@1": 0.0009871668311944718,
      "acc@3": 0.005923000987166831,
      "acc@5": 0.006910167818361303,
      "mrr": 0.006411292620831769
    },
    "m": {
      "n_samples": 1272,
      "acc@1": 0.2578616352201258,
      "acc@3": 0.30345911949685533,
      "acc@5": 0.3278301886792453,
      "mrr": 0.28757167468805483
    },
    "unknown": {
      "n_samples": 373,
      "acc@1": 0.34316353887399464,
      "acc@3": 0.4101876675603217,
      "acc@5": 0.42359249329758714,
      "mrr": 0.37857126489834264
    }
  }
}