{
  "n_samples": 2658,
  "acc@1": 0.145221971407073,
  "acc@3": 0.236267870579383,
  "acc@5": 0.27125658389766744,
  "mrr": 0.19973491514110464,
  "model": "FacebookAI/xlm-roberta-large",
  "split": "test",
  "language": "en",
  "type": "mlm",
  "by_source": {
    "filmot": {
      "n_samples": 579,
      "acc@1": 0.13126079447322972,
      "acc@3": 0.2141623488773748,
      "acc@5": 0.25734024179620035,
      "mrr": 0.1862915984908237
    },
    "fulg": {
      "n_samples": 1986,
      "acc@1": 0.14904330312185296,
      "acc@3": 0.24118831822759315,
      "acc@5": 0.27391742195367574,
      "mrr": 0.20297160953570836
    },
    "merged_corpus": {
      "n_samples": 93,
      "acc@1": 0.15053763440860216,
      "acc@3": 0.26881720430107525,
      "acc@5": 0.3010752688172043,
      "mrr": 0.21431131592421915
    }
  },
  "by_pattern": {
    "primary": {
      "n_samples": 361,
      "acc@1": 0.1994459833795014,
      "acc@3": 0.3518005540166205,
      "acc@5": 0.42382271468144045,
      "mrr": 0.29419739972898984
    },
    "secondary": {
      "n_samples": 2297,
      "acc@1": 0.13670004353504572,
      "acc@3": 0.21811057901610797,
      "acc@5": 0.24727905964301264,
      "mrr": 0.1848890479507579
    }
  },
  "by_gender": {
    "f": {
      "n_samples": 7,
      "acc@1": 0.0,
      "acc@3": 0.0,
      "acc@5": 0.0,
      "mrr": 0.0
    },
    "m": {
      "n_samples": 2137,
      "acc@1": 0.15722976134768366,
      "acc@3": 0.2597098736546561,
      "acc@5": 0.29761347683668693,
      "mrr": 0.21732680889922243
    },
    "unknown": {
      "n_samples": 514,
      "acc@1": 0.09727626459143969,
      "acc@3": 0.14202334630350194,
      "acc@5": 0.16536964980544747,
      "mrr": 0.12931520199886742
    }
  }
}