{
  "language": "fa",
  "n_samples": 1000,
  "set_acc@1": 0.35,
  "coverage@1": 0.35,
  "set_acc@3": 0.35,
  "coverage@3": 0.35,
  "set_acc@5": 0.35,
  "coverage@5": 0.35,
  "single_mask": {
    "n": 833,
    "set_acc@1": 0.33613445378151263
  },
  "multi_mask": {
    "n": 167,
    "set_acc@1": 0.41916167664670656,
    "coverage@1": 0.41916167664670656
  },
  "legacy_first_label": {
    "n_samples": 1000,
    "acc@1": 0.165,
    "acc@3": 0.165,
    "acc@5": 0.165,
    "mrr": 0.165
  }
}