{
  "checkpoint": "/local/nlp/aij2115/runs/day_by_day_perm2/day3_ro/final",
  "per_language": {
    "ro": {
      "language": "ro",
      "n_samples": 1000,
      "set_acc@1": 0.433,
      "coverage@1": 0.433,
      "set_acc@3": 0.433,
      "coverage@3": 0.433,
      "set_acc@5": 0.433,
      "coverage@5": 0.433,
      "single_mask": {
        "n": 1000,
        "set_acc@1": 0.433
      },
      "legacy_first_label": {
        "n_samples": 1000,
        "acc@1": 0.433,
        "acc@3": 0.433,
        "acc@5": 0.433,
        "mrr": 0.433
      }
    },
    "en": {
      "language": "en",
      "n_samples": 1000,
      "set_acc@1": 0.144,
      "coverage@1": 0.145,
      "set_acc@3": 0.144,
      "coverage@3": 0.145,
      "set_acc@5": 0.144,
      "coverage@5": 0.145,
      "single_mask": {
        "n": 865,
        "set_acc@1": 0.11907514450867052
      },
      "multi_mask": {
        "n": 135,
        "set_acc@1": 0.3037037037037037,
        "coverage@1": 0.3111111111111111
      },
      "legacy_first_label": {
        "n_samples": 1000,
        "acc@1": 0.143,
        "acc@3": 0.143,
        "acc@5": 0.143,
        "mrr": 0.143
      }
    },
    "es": {
      "language": "es",
      "n_samples": 1000,
      "set_acc@1": 0.183,
      "coverage@1": 0.1845,
      "set_acc@3": 0.183,
      "coverage@3": 0.1845,
      "set_acc@5": 0.183,
      "coverage@5": 0.1845,
      "single_mask": {
        "n": 900,
        "set_acc@1": 0.18
      },
      "multi_mask": {
        "n": 100,
        "set_acc@1": 0.21,
        "coverage@1": 0.225
      },
      "legacy_first_label": {
        "n_samples": 1000,
        "acc@1": 0.183,
        "acc@3": 0.183,
        "acc@5": 0.183,
        "mrr": 0.183
      }
    },
    "fa": {
      "language": "fa",
      "n_samples": 1000,
      "set_acc@1": 0.153,
      "coverage@1": 0.153,
      "set_acc@3": 0.153,
      "coverage@3": 0.153,
      "set_acc@5": 0.153,
      "coverage@5": 0.153,
      "single_mask": {
        "n": 833,
        "set_acc@1": 0.09963985594237695
      },
      "multi_mask": {
        "n": 167,
        "set_acc@1": 0.41916167664670656,
        "coverage@1": 0.41916167664670656
      },
      "legacy_first_label": {
        "n_samples": 1000,
        "acc@1": 0.137,
        "acc@3": 0.137,
        "acc@5": 0.137,
        "mrr": 0.137
      }
    },
    "hi": {
      "language": "hi",
      "n_samples": 1000,
      "set_acc@1": 0.118,
      "coverage@1": 0.118,
      "set_acc@3": 0.118,
      "coverage@3": 0.118,
      "set_acc@5": 0.118,
      "coverage@5": 0.118,
      "single_mask": {
        "n": 1000,
        "set_acc@1": 0.118
      },
      "legacy_first_label": {
        "n_samples": 1000,
        "acc@1": 0.117,
        "acc@3": 0.117,
        "acc@5": 0.117,
        "mrr": 0.117
      }
    }
  }
}