{
  "language": "en",
  "n_samples": 1000,
  "set_acc@1": 0.168,
  "coverage@1": 0.1685,
  "set_acc@3": 0.168,
  "coverage@3": 0.1685,
  "set_acc@5": 0.168,
  "coverage@5": 0.1685,
  "single_mask": {
    "n": 865,
    "set_acc@1": 0.14682080924855492
  },
  "multi_mask": {
    "n": 135,
    "set_acc@1": 0.3037037037037037,
    "coverage@1": 0.3074074074074074
  },
  "legacy_first_label": {
    "n_samples": 1000,
    "acc@1": 0.168,
    "acc@3": 0.168,
    "acc@5": 0.168,
    "mrr": 0.168
  }
}