{
  "language": "en",
  "n_samples": 1000,
  "set_acc@1": 0.165,
  "coverage@1": 0.1655,
  "set_acc@3": 0.165,
  "coverage@3": 0.1655,
  "set_acc@5": 0.165,
  "coverage@5": 0.1655,
  "single_mask": {
    "n": 865,
    "set_acc@1": 0.14219653179190753
  },
  "multi_mask": {
    "n": 135,
    "set_acc@1": 0.3111111111111111,
    "coverage@1": 0.3148148148148148
  },
  "legacy_first_label": {
    "n_samples": 1000,
    "acc@1": 0.165,
    "acc@3": 0.165,
    "acc@5": 0.165,
    "mrr": 0.165
  }
}