{
  "language": "fa",
  "n_samples": 1000,
  "set_acc@1": 0.339,
  "coverage@1": 0.339,
  "set_acc@3": 0.339,
  "coverage@3": 0.339,
  "set_acc@5": 0.339,
  "coverage@5": 0.339,
  "single_mask": {
    "n": 833,
    "set_acc@1": 0.32533013205282113
  },
  "multi_mask": {
    "n": 167,
    "set_acc@1": 0.40718562874251496,
    "coverage@1": 0.40718562874251496
  },
  "legacy_first_label": {
    "n_samples": 1000,
    "acc@1": 0.162,
    "acc@3": 0.162,
    "acc@5": 0.162,
    "mrr": 0.162
  }
}