{
  "language": "fa",
  "n_samples": 1000,
  "set_acc@1": 0.395,
  "coverage@1": 0.395,
  "set_acc@3": 0.395,
  "coverage@3": 0.395,
  "set_acc@5": 0.395,
  "coverage@5": 0.395,
  "single_mask": {
    "n": 833,
    "set_acc@1": 0.37334933973589435
  },
  "multi_mask": {
    "n": 167,
    "set_acc@1": 0.5029940119760479,
    "coverage@1": 0.5029940119760479
  },
  "legacy_first_label": {
    "n_samples": 1000,
    "acc@1": 0.188,
    "acc@3": 0.188,
    "acc@5": 0.188,
    "mrr": 0.188
  }
}