{
  "language": "ro",
  "n_samples": 1000,
  "set_acc@1": 0.381,
  "coverage@1": 0.381,
  "set_acc@3": 0.381,
  "coverage@3": 0.381,
  "set_acc@5": 0.381,
  "coverage@5": 0.381,
  "single_mask": {
    "n": 1000,
    "set_acc@1": 0.381
  },
  "legacy_first_label": {
    "n_samples": 1000,
    "acc@1": 0.381,
    "acc@3": 0.381,
    "acc@5": 0.381,
    "mrr": 0.381,
    "sim@1": 0.8509573251307011,
    "sim@3": 0.8509573251307011,
    "sim@5": 0.8509573251307011
  }
}