{
  "language": "en",
  "n_samples": 1000,
  "set_acc@1": 0.132,
  "coverage@1": 0.133,
  "set_acc@3": 0.132,
  "coverage@3": 0.133,
  "set_acc@5": 0.132,
  "coverage@5": 0.133,
  "single_mask": {
    "n": 865,
    "set_acc@1": 0.10982658959537572
  },
  "multi_mask": {
    "n": 135,
    "set_acc@1": 0.2740740740740741,
    "coverage@1": 0.2814814814814815
  },
  "legacy_first_label": {
    "n_samples": 1000,
    "acc@1": 0.133,
    "acc@3": 0.133,
    "acc@5": 0.133,
    "mrr": 0.133
  }
}