{
  "language": "fa",
  "n_samples": 1000,
  "set_acc@1": 0.358,
  "coverage@1": 0.358,
  "set_acc@3": 0.358,
  "coverage@3": 0.358,
  "set_acc@5": 0.358,
  "coverage@5": 0.358,
  "single_mask": {
    "n": 833,
    "set_acc@1": 0.3349339735894358
  },
  "multi_mask": {
    "n": 167,
    "set_acc@1": 0.47305389221556887,
    "coverage@1": 0.47305389221556887
  },
  "legacy_first_label": {
    "n_samples": 1000,
    "acc@1": 0.183,
    "acc@3": 0.183,
    "acc@5": 0.183,
    "mrr": 0.183
  }
}