{
  "language": "fa",
  "n_samples": 1000,
  "set_acc@1": 0.414,
  "coverage@1": 0.414,
  "set_acc@3": 0.414,
  "coverage@3": 0.414,
  "set_acc@5": 0.414,
  "coverage@5": 0.414,
  "single_mask": {
    "n": 833,
    "set_acc@1": 0.4117647058823529
  },
  "multi_mask": {
    "n": 167,
    "set_acc@1": 0.4251497005988024,
    "coverage@1": 0.4251497005988024
  },
  "legacy_first_label": {
    "n_samples": 1000,
    "acc@1": 0.17,
    "acc@3": 0.17,
    "acc@5": 0.17,
    "mrr": 0.17,
    "sim@1": 0.9022710827887058,
    "sim@3": 0.9022710827887058,
    "sim@5": 0.9022710827887058
  }
}