{
  "language": "es",
  "n_samples": 1000,
  "set_acc@1": 0.191,
  "coverage@1": 0.192,
  "set_acc@3": 0.191,
  "coverage@3": 0.192,
  "set_acc@5": 0.191,
  "coverage@5": 0.192,
  "single_mask": {
    "n": 900,
    "set_acc@1": 0.1922222222222222
  },
  "multi_mask": {
    "n": 100,
    "set_acc@1": 0.18,
    "coverage@1": 0.19
  },
  "legacy_first_label": {
    "n_samples": 1000,
    "acc@1": 0.192,
    "acc@3": 0.192,
    "acc@5": 0.192,
    "mrr": 0.192,
    "sim@1": 0.8129537306427955,
    "sim@3": 0.8129537306427955,
    "sim@5": 0.8129537306427955
  }
}