{
  "language": "fa",
  "n_samples": 1000,
  "set_acc@1": 0.423,
  "coverage@1": 0.423,
  "set_acc@3": 0.423,
  "coverage@3": 0.423,
  "set_acc@5": 0.423,
  "coverage@5": 0.423,
  "single_mask": {
    "n": 833,
    "set_acc@1": 0.4057623049219688
  },
  "multi_mask": {
    "n": 167,
    "set_acc@1": 0.5089820359281437,
    "coverage@1": 0.5089820359281437
  },
  "legacy_first_label": {
    "n_samples": 1000,
    "acc@1": 0.192,
    "acc@3": 0.192,
    "acc@5": 0.192,
    "mrr": 0.192
  }
}