{
  "language": "en",
  "n_samples": 1000,
  "set_acc@1": 0.147,
  "coverage@1": 0.147,
  "set_acc@3": 0.147,
  "coverage@3": 0.147,
  "set_acc@5": 0.147,
  "coverage@5": 0.147,
  "single_mask": {
    "n": 865,
    "set_acc@1": 0.1260115606936416
  },
  "multi_mask": {
    "n": 135,
    "set_acc@1": 0.2814814814814815,
    "coverage@1": 0.2814814814814815
  },
  "legacy_first_label": {
    "n_samples": 1000,
    "acc@1": 0.146,
    "acc@3": 0.146,
    "acc@5": 0.146,
    "mrr": 0.146,
    "sim@1": 0.8476102836728096,
    "sim@3": 0.8476102836728096,
    "sim@5": 0.8476102836728096
  }
}