{
  "language": "en",
  "n_samples": 1000,
  "set_acc@1": 0.166,
  "coverage@1": 0.166,
  "set_acc@3": 0.166,
  "coverage@3": 0.166,
  "set_acc@5": 0.166,
  "coverage@5": 0.166,
  "single_mask": {
    "n": 865,
    "set_acc@1": 0.15028901734104047
  },
  "multi_mask": {
    "n": 135,
    "set_acc@1": 0.26666666666666666,
    "coverage@1": 0.26666666666666666
  },
  "legacy_first_label": {
    "n_samples": 1000,
    "acc@1": 0.165,
    "acc@3": 0.165,
    "acc@5": 0.165,
    "mrr": 0.165
  }
}