{
  "language": "en",
  "n_samples": 1000,
  "set_acc@1": 0.174,
  "coverage@1": 0.1745,
  "set_acc@3": 0.174,
  "coverage@3": 0.1745,
  "set_acc@5": 0.174,
  "coverage@5": 0.1745,
  "single_mask": {
    "n": 865,
    "set_acc@1": 0.14335260115606938
  },
  "multi_mask": {
    "n": 135,
    "set_acc@1": 0.37037037037037035,
    "coverage@1": 0.37407407407407406
  },
  "legacy_first_label": {
    "n_samples": 1000,
    "acc@1": 0.172,
    "acc@3": 0.172,
    "acc@5": 0.172,
    "mrr": 0.172
  }
}