{
  "language": "fa",
  "n_samples": 1000,
  "set_acc@1": 0.114,
  "coverage@1": 0.114,
  "set_acc@3": 0.114,
  "coverage@3": 0.114,
  "set_acc@5": 0.114,
  "coverage@5": 0.114,
  "single_mask": {
    "n": 833,
    "set_acc@1": 0.06482593037214886
  },
  "multi_mask": {
    "n": 167,
    "set_acc@1": 0.3592814371257485,
    "coverage@1": 0.3592814371257485
  },
  "legacy_first_label": {
    "n_samples": 1000,
    "acc@1": 0.113,
    "acc@3": 0.113,
    "acc@5": 0.113,
    "mrr": 0.113
  }
}