{
  "checkpoint": "/local/nlp/aij2115/runs/day_by_day_perm3/day4_hi/final",
  "per_language": {
    "ro": {
      "language": "ro",
      "n_samples": 1000,
      "set_acc@1": 0.157,
      "coverage@1": 0.157,
      "set_acc@3": 0.157,
      "coverage@3": 0.157,
      "set_acc@5": 0.157,
      "coverage@5": 0.157,
      "single_mask": {
        "n": 1000,
        "set_acc@1": 0.157
      },
      "legacy_first_label": {
        "n_samples": 1000,
        "acc@1": 0.157,
        "acc@3": 0.157,
        "acc@5": 0.157,
        "mrr": 0.157
      }
    },
    "en": {
      "language": "en",
      "n_samples": 1000,
      "set_acc@1": 0.165,
      "coverage@1": 0.1655,
      "set_acc@3": 0.165,
      "coverage@3": 0.1655,
      "set_acc@5": 0.165,
      "coverage@5": 0.1655,
      "single_mask": {
        "n": 865,
        "set_acc@1": 0.14219653179190753
      },
      "multi_mask": {
        "n": 135,
        "set_acc@1": 0.3111111111111111,
        "coverage@1": 0.3148148148148148
      },
      "legacy_first_label": {
        "n_samples": 1000,
        "acc@1": 0.165,
        "acc@3": 0.165,
        "acc@5": 0.165,
        "mrr": 0.165
      }
    },
    "es": {
      "language": "es",
      "n_samples": 1000,
      "set_acc@1": 0.224,
      "coverage@1": 0.225,
      "set_acc@3": 0.224,
      "coverage@3": 0.225,
      "set_acc@5": 0.224,
      "coverage@5": 0.225,
      "single_mask": {
        "n": 900,
        "set_acc@1": 0.21666666666666667
      },
      "multi_mask": {
        "n": 100,
        "set_acc@1": 0.29,
        "coverage@1": 0.3
      },
      "legacy_first_label": {
        "n_samples": 1000,
        "acc@1": 0.224,
        "acc@3": 0.224,
        "acc@5": 0.224,
        "mrr": 0.224
      }
    },
    "fa": {
      "language": "fa",
      "n_samples": 1000,
      "set_acc@1": 0.288,
      "coverage@1": 0.288,
      "set_acc@3": 0.288,
      "coverage@3": 0.288,
      "set_acc@5": 0.288,
      "coverage@5": 0.288,
      "single_mask": {
        "n": 833,
        "set_acc@1": 0.2737094837935174
      },
      "multi_mask": {
        "n": 167,
        "set_acc@1": 0.3592814371257485,
        "coverage@1": 0.3592814371257485
      },
      "legacy_first_label": {
        "n_samples": 1000,
        "acc@1": 0.138,
        "acc@3": 0.138,
        "acc@5": 0.138,
        "mrr": 0.138
      }
    },
    "hi": {
      "language": "hi",
      "n_samples": 1000,
      "set_acc@1": 0.58,
      "coverage@1": 0.58,
      "set_acc@3": 0.58,
      "coverage@3": 0.58,
      "set_acc@5": 0.58,
      "coverage@5": 0.58,
      "single_mask": {
        "n": 1000,
        "set_acc@1": 0.58
      },
      "legacy_first_label": {
        "n_samples": 1000,
        "acc@1": 0.58,
        "acc@3": 0.58,
        "acc@5": 0.58,
        "mrr": 0.58
      }
    }
  }
}