{
  "language": "fa",
  "n_samples": 1000,
  "set_acc@1": 0.108,
  "coverage@1": 0.108,
  "set_acc@3": 0.108,
  "coverage@3": 0.108,
  "set_acc@5": 0.108,
  "coverage@5": 0.108,
  "single_mask": {
    "n": 833,
    "set_acc@1": 0.05402160864345738
  },
  "multi_mask": {
    "n": 167,
    "set_acc@1": 0.3772455089820359,
    "coverage@1": 0.3772455089820359
  },
  "legacy_first_label": {
    "n_samples": 1000,
    "acc@1": 0.104,
    "acc@3": 0.104,
    "acc@5": 0.104,
    "mrr": 0.104
  }
}