{
  "language": "en",
  "n_samples": 1000,
  "set_acc@1": 0.187,
  "coverage@1": 0.187,
  "set_acc@3": 0.187,
  "coverage@3": 0.187,
  "set_acc@5": 0.187,
  "coverage@5": 0.187,
  "single_mask": {
    "n": 865,
    "set_acc@1": 0.16647398843930636
  },
  "multi_mask": {
    "n": 135,
    "set_acc@1": 0.31851851851851853,
    "coverage@1": 0.31851851851851853
  },
  "legacy_first_label": {
    "n_samples": 1000,
    "acc@1": 0.187,
    "acc@3": 0.187,
    "acc@5": 0.187,
    "mrr": 0.187
  }
}