{
  "language": "fa",
  "n_samples": 1000,
  "set_acc@1": 0.434,
  "coverage@1": 0.434,
  "set_acc@3": 0.434,
  "coverage@3": 0.434,
  "set_acc@5": 0.434,
  "coverage@5": 0.434,
  "single_mask": {
    "n": 833,
    "set_acc@1": 0.41536614645858344
  },
  "multi_mask": {
    "n": 167,
    "set_acc@1": 0.5269461077844312,
    "coverage@1": 0.5269461077844312
  },
  "legacy_first_label": {
    "n_samples": 1000,
    "acc@1": 0.203,
    "acc@3": 0.203,
    "acc@5": 0.203,
    "mrr": 0.203
  }
}