{
  "language": "en",
  "n_samples": 1000,
  "set_acc@1": 0.176,
  "coverage@1": 0.1765,
  "set_acc@3": 0.176,
  "coverage@3": 0.1765,
  "set_acc@5": 0.176,
  "coverage@5": 0.1765,
  "single_mask": {
    "n": 865,
    "set_acc@1": 0.15028901734104047
  },
  "multi_mask": {
    "n": 135,
    "set_acc@1": 0.34074074074074073,
    "coverage@1": 0.34444444444444444
  },
  "legacy_first_label": {
    "n_samples": 1000,
    "acc@1": 0.175,
    "acc@3": 0.175,
    "acc@5": 0.175,
    "mrr": 0.175
  }
}