{
  "checkpoint": "/local/nlp/aij2115/runs/day_by_day/day4_hi/final",
  "per_language": {
    "ro": {
      "language": "ro",
      "n_samples": 1000,
      "set_acc@1": 0.174,
      "coverage@1": 0.174,
      "set_acc@3": 0.174,
      "coverage@3": 0.174,
      "set_acc@5": 0.174,
      "coverage@5": 0.174,
      "single_mask": {
        "n": 1000,
        "set_acc@1": 0.174
      },
      "legacy_first_label": {
        "n_samples": 1000,
        "acc@1": 0.172,
        "acc@3": 0.172,
        "acc@5": 0.172,
        "mrr": 0.172
      }
    },
    "en": {
      "language": "en",
      "n_samples": 1000,
      "set_acc@1": 0.157,
      "coverage@1": 0.158,
      "set_acc@3": 0.157,
      "coverage@3": 0.158,
      "set_acc@5": 0.157,
      "coverage@5": 0.158,
      "single_mask": {
        "n": 865,
        "set_acc@1": 0.130635838150289
      },
      "multi_mask": {
        "n": 135,
        "set_acc@1": 0.32592592592592595,
        "coverage@1": 0.3333333333333333
      },
      "legacy_first_label": {
        "n_samples": 1000,
        "acc@1": 0.157,
        "acc@3": 0.157,
        "acc@5": 0.157,
        "mrr": 0.157
      }
    },
    "es": {
      "language": "es",
      "n_samples": 1000,
      "set_acc@1": 0.234,
      "coverage@1": 0.235,
      "set_acc@3": 0.234,
      "coverage@3": 0.235,
      "set_acc@5": 0.234,
      "coverage@5": 0.235,
      "single_mask": {
        "n": 900,
        "set_acc@1": 0.23222222222222222
      },
      "multi_mask": {
        "n": 100,
        "set_acc@1": 0.25,
        "coverage@1": 0.26
      },
      "legacy_first_label": {
        "n_samples": 1000,
        "acc@1": 0.236,
        "acc@3": 0.236,
        "acc@5": 0.236,
        "mrr": 0.236
      }
    },
    "fa": {
      "language": "fa",
      "n_samples": 1000,
      "set_acc@1": 0.315,
      "coverage@1": 0.315,
      "set_acc@3": 0.315,
      "coverage@3": 0.315,
      "set_acc@5": 0.315,
      "coverage@5": 0.315,
      "single_mask": {
        "n": 833,
        "set_acc@1": 0.30012004801920766
      },
      "multi_mask": {
        "n": 167,
        "set_acc@1": 0.38922155688622756,
        "coverage@1": 0.38922155688622756
      },
      "legacy_first_label": {
        "n_samples": 1000,
        "acc@1": 0.161,
        "acc@3": 0.161,
        "acc@5": 0.161,
        "mrr": 0.161
      }
    },
    "hi": {
      "language": "hi",
      "n_samples": 1000,
      "set_acc@1": 0.571,
      "coverage@1": 0.571,
      "set_acc@3": 0.571,
      "coverage@3": 0.571,
      "set_acc@5": 0.571,
      "coverage@5": 0.571,
      "single_mask": {
        "n": 1000,
        "set_acc@1": 0.571
      },
      "legacy_first_label": {
        "n_samples": 1000,
        "acc@1": 0.571,
        "acc@3": 0.571,
        "acc@5": 0.571,
        "mrr": 0.571
      }
    }
  }
}