{
  "language": "fa",
  "n_samples": 1000,
  "set_acc@1": 0.153,
  "coverage@1": 0.153,
  "set_acc@3": 0.153,
  "coverage@3": 0.153,
  "set_acc@5": 0.153,
  "coverage@5": 0.153,
  "single_mask": {
    "n": 833,
    "set_acc@1": 0.09963985594237695
  },
  "multi_mask": {
    "n": 167,
    "set_acc@1": 0.41916167664670656,
    "coverage@1": 0.41916167664670656
  },
  "legacy_first_label": {
    "n_samples": 1000,
    "acc@1": 0.137,
    "acc@3": 0.137,
    "acc@5": 0.137,
    "mrr": 0.137
  }
}