{
  "language": "hi",
  "n_samples": 1000,
  "set_acc@1": 0.481,
  "coverage@1": 0.481,
  "set_acc@3": 0.481,
  "coverage@3": 0.481,
  "set_acc@5": 0.481,
  "coverage@5": 0.481,
  "single_mask": {
    "n": 1000,
    "set_acc@1": 0.481
  },
  "legacy_first_label": {
    "n_samples": 1000,
    "acc@1": 0.481,
    "acc@3": 0.481,
    "acc@5": 0.481,
    "mrr": 0.481,
    "sim@1": 0.820832019329071,
    "sim@3": 0.820832019329071,
    "sim@5": 0.820832019329071
  }
}