{
  "language": "en",
  "n_samples": 1000,
  "set_acc@1": 0.157,
  "coverage@1": 0.158,
  "set_acc@3": 0.157,
  "coverage@3": 0.158,
  "set_acc@5": 0.157,
  "coverage@5": 0.158,
  "single_mask": {
    "n": 865,
    "set_acc@1": 0.130635838150289
  },
  "multi_mask": {
    "n": 135,
    "set_acc@1": 0.32592592592592595,
    "coverage@1": 0.3333333333333333
  },
  "legacy_first_label": {
    "n_samples": 1000,
    "acc@1": 0.157,
    "acc@3": 0.157,
    "acc@5": 0.157,
    "mrr": 0.157
  }
}