{
  "language": "fa",
  "n_samples": 1000,
  "set_acc@1": 0.112,
  "coverage@1": 0.112,
  "set_acc@3": 0.112,
  "coverage@3": 0.112,
  "set_acc@5": 0.112,
  "coverage@5": 0.112,
  "single_mask": {
    "n": 833,
    "set_acc@1": 0.06962785114045618
  },
  "multi_mask": {
    "n": 167,
    "set_acc@1": 0.32335329341317365,
    "coverage@1": 0.32335329341317365
  },
  "legacy_first_label": {
    "n_samples": 1000,
    "acc@1": 0.107,
    "acc@3": 0.107,
    "acc@5": 0.107,
    "mrr": 0.107
  }
}