{
  "language": "fa",
  "n_samples": 1000,
  "set_acc@1": 0.445,
  "coverage@1": 0.445,
  "set_acc@3": 0.445,
  "coverage@3": 0.445,
  "set_acc@5": 0.445,
  "coverage@5": 0.445,
  "single_mask": {
    "n": 833,
    "set_acc@1": 0.4237695078031212
  },
  "multi_mask": {
    "n": 167,
    "set_acc@1": 0.5508982035928144,
    "coverage@1": 0.5508982035928144
  },
  "legacy_first_label": {
    "n_samples": 1000,
    "acc@1": 0.198,
    "acc@3": 0.198,
    "acc@5": 0.198,
    "mrr": 0.198
  }
}