{
  "language": "fa",
  "n_samples": 1000,
  "set_acc@1": 0.123,
  "coverage@1": 0.123,
  "set_acc@3": 0.123,
  "coverage@3": 0.123,
  "set_acc@5": 0.123,
  "coverage@5": 0.123,
  "single_mask": {
    "n": 833,
    "set_acc@1": 0.07683073229291716
  },
  "multi_mask": {
    "n": 167,
    "set_acc@1": 0.3532934131736527,
    "coverage@1": 0.3532934131736527
  },
  "legacy_first_label": {
    "n_samples": 1000,
    "acc@1": 0.112,
    "acc@3": 0.112,
    "acc@5": 0.112,
    "mrr": 0.112
  }
}