{
  "language": "fa",
  "n_samples": 1000,
  "set_acc@1": 0.103,
  "coverage@1": 0.103,
  "set_acc@3": 0.103,
  "coverage@3": 0.103,
  "set_acc@5": 0.103,
  "coverage@5": 0.103,
  "single_mask": {
    "n": 833,
    "set_acc@1": 0.060024009603841535
  },
  "multi_mask": {
    "n": 167,
    "set_acc@1": 0.31736526946107785,
    "coverage@1": 0.31736526946107785
  },
  "legacy_first_label": {
    "n_samples": 1000,
    "acc@1": 0.098,
    "acc@3": 0.098,
    "acc@5": 0.098,
    "mrr": 0.098
  }
}