{
  "language": "en",
  "n_samples": 1000,
  "set_acc@1": 0.179,
  "coverage@1": 0.1795,
  "set_acc@3": 0.179,
  "coverage@3": 0.1795,
  "set_acc@5": 0.179,
  "coverage@5": 0.1795,
  "single_mask": {
    "n": 865,
    "set_acc@1": 0.15491329479768787
  },
  "multi_mask": {
    "n": 135,
    "set_acc@1": 0.3333333333333333,
    "coverage@1": 0.337037037037037
  },
  "legacy_first_label": {
    "n_samples": 1000,
    "acc@1": 0.179,
    "acc@3": 0.179,
    "acc@5": 0.179,
    "mrr": 0.179
  }
}