{
  "language": "en",
  "n_samples": 1000,
  "set_acc@1": 0.146,
  "coverage@1": 0.146,
  "set_acc@3": 0.146,
  "coverage@3": 0.146,
  "set_acc@5": 0.146,
  "coverage@5": 0.146,
  "single_mask": {
    "n": 865,
    "set_acc@1": 0.12023121387283237
  },
  "multi_mask": {
    "n": 135,
    "set_acc@1": 0.3111111111111111,
    "coverage@1": 0.3111111111111111
  },
  "legacy_first_label": {
    "n_samples": 1000,
    "acc@1": 0.146,
    "acc@3": 0.146,
    "acc@5": 0.146,
    "mrr": 0.146
  }
}