{
  "language": "fa",
  "n_samples": 1000,
  "set_acc@1": 0.315,
  "coverage@1": 0.315,
  "set_acc@3": 0.315,
  "coverage@3": 0.315,
  "set_acc@5": 0.315,
  "coverage@5": 0.315,
  "single_mask": {
    "n": 833,
    "set_acc@1": 0.30012004801920766
  },
  "multi_mask": {
    "n": 167,
    "set_acc@1": 0.38922155688622756,
    "coverage@1": 0.38922155688622756
  },
  "legacy_first_label": {
    "n_samples": 1000,
    "acc@1": 0.161,
    "acc@3": 0.161,
    "acc@5": 0.161,
    "mrr": 0.161
  }
}